timestamp,frame,lives,hp,score,time_remaining,speed,enemies_defeated,action
2025-01-01T12:00:00,0,3,65.7,0,294.4,5.4,0,take_damage
2025-01-01T12:00:05,1,3,65.7,111,287.4,5.3,1,defeat_enemy
2025-01-01T12:00:10,2,3,34.5,111,283.2,5.1,1,take_damage
2025-01-01T12:00:15,3,3,34.5,111,279.2,5.1,1,jump
2025-01-01T12:00:20,4,3,8.0,111,272.9,4.9,1,take_damage
2025-01-01T12:00:25,5,2,100.0,111,299.6,4.5,1,die
2025-01-01T12:00:30,6,2,100.0,111,294.0,4.6,1,run
2025-01-01T12:00:35,7,2,100.0,111,289.0,4.1,1,dodge
2025-01-01T12:00:40,8,2,100.0,111,284.4,4.6,1,jump
2025-01-01T12:00:45,9,2,100.0,294,279.3,3.3,2,defeat_enemy
2025-01-01T12:00:50,10,2,100.0,344,276.6,4.5,2,collect_item
2025-01-01T12:00:55,11,2,68.5,344,273.4,4.3,2,take_damage
2025-01-01T12:01:00,12,2,68.5,344,268.9,4.2,2,jump
2025-01-01T12:01:05,13,2,68.5,821,265.3,3.5,3,defeat_enemy
2025-01-01T12:01:10,14,2,42.0,821,260.7,3.7,3,take_damage
2025-01-01T12:01:15,15,2,42.0,1026,257.7,4.7,4,defeat_enemy
2025-01-01T12:01:20,16,2,11.4,1026,252.7,5.2,4,take_damage
2025-01-01T12:01:25,17,2,11.4,1376,249.2,4.9,5,defeat_enemy
2025-01-01T12:01:30,18,1,100.0,1376,273.2,4.7,5,die
2025-01-01T12:01:35,19,1,100.0,1426,266.7,4.3,5,collect_item
2025-01-01T12:01:40,20,1,100.0,1476,261.7,3.5,5,collect_item
2025-01-01T12:01:45,21,1,100.0,1476,258.3,3.3,5,jump
2025-01-01T12:01:50,22,1,100.0,1476,255.0,3.7,5,run
2025-01-01T12:01:55,23,1,100.0,1957,252.3,4.5,6,defeat_enemy
2025-01-01T12:02:00,24,1,100.0,2007,246.3,4.6,6,collect_item
2025-01-01T12:02:05,25,1,100.0,2007,239.9,3.8,6,jump
2025-01-01T12:02:10,26,1,100.0,2007,235.9,4.3,6,dodge
2025-01-01T12:02:15,27,1,100.0,2007,232.9,4.3,6,jump
2025-01-01T12:02:20,28,1,100.0,2007,227.3,3.6,6,jump
2025-01-01T12:02:25,29,1,100.0,2007,224.3,3.6,6,run
2025-01-01T12:02:30,30,1,100.0,2342,220.8,3.4,7,defeat_enemy
2025-01-01T12:02:35,31,1,100.0,2392,218.8,3.5,7,collect_item
2025-01-01T12:02:40,32,1,100.0,2707,216.6,3.0,8,defeat_enemy
2025-01-01T12:02:45,33,1,100.0,2707,213.0,3.5,8,jump
2025-01-01T12:02:50,34,1,100.0,2707,209.6,3.2,8,run
2025-01-01T12:02:55,35,1,100.0,2707,207.5,3.3,8,jump
2025-01-01T12:03:00,36,1,100.0,2863,203.6,3.3,9,defeat_enemy
2025-01-01T12:03:05,37,1,100.0,2863,201.2,3.0,9,jump
2025-01-01T12:03:10,38,1,100.0,2863,197.5,3.1,9,jump
2025-01-01T12:03:15,39,1,100.0,2863,195.4,2.9,9,jump
2025-01-01T12:03:20,40,1,79.1,2863,193.2,2.8,9,take_damage
2025-01-01T12:03:25,41,1,79.1,2863,189.8,3.0,9,run
2025-01-01T12:03:30,42,1,79.1,3257,186.4,2.6,10,defeat_enemy
2025-01-01T12:03:35,43,1,79.1,3547,184.7,2.8,11,defeat_enemy
2025-01-01T12:03:40,44,1,79.1,3547,181.0,2.7,11,jump
2025-01-01T12:03:45,45,1,79.1,3547,179.3,2.7,11,run
2025-01-01T12:03:50,46,1,79.1,3547,177.1,2.2,11,jump
2025-01-01T12:03:55,47,1,79.1,3547,175.4,2.1,11,run
2025-01-01T12:04:00,48,1,79.1,3597,173.1,1.2,11,collect_item
2025-01-01T12:04:05,49,1,79.1,3899,171.7,2.1,12,defeat_enemy
2025-01-01T12:04:10,50,1,79.1,4174,170.3,2.2,13,defeat_enemy
2025-01-01T12:04:15,51,1,47.7,4174,168.0,2.6,13,take_damage
2025-01-01T12:04:20,52,1,47.7,4224,165.3,2.4,13,collect_item
2025-01-01T12:04:25,53,1,47.7,4224,163.3,2.0,13,jump
2025-01-01T12:04:30,54,1,47.7,4224,161.6,2.4,13,jump
2025-01-01T12:04:35,55,1,47.7,4274,158.4,3.1,13,collect_item
2025-01-01T12:04:40,56,1,47.7,4274,155.9,3.9,13,run
2025-01-01T12:04:45,57,1,47.7,4324,151.3,3.6,13,collect_item
2025-01-01T12:04:50,58,1,47.7,4595,147.1,3.5,14,defeat_enemy
2025-01-01T12:04:55,59,1,11.3,4595,144.9,3.5,14,take_damage
2025-01-01T12:05:00,60,1,11.3,4595,142.7,2.9,14,jump
2025-01-01T12:05:05,61,1,11.3,4595,138.7,3.5,14,jump
2025-01-01T12:05:10,62,1,11.3,5064,136.2,3.4,15,defeat_enemy
2025-01-01T12:05:15,63,3,100.0,4564,300.0,3.0,15,die
2025-01-01T12:05:20,64,3,100.0,4852,297.6,4.0,16,defeat_enemy
2025-01-01T12:05:25,65,3,100.0,5852,300.0,4.0,16,checkpoint
2025-01-01T12:05:30,66,3,62.6,5852,294.6,5.0,16,take_damage
2025-01-01T12:05:35,67,3,62.6,6261,290.8,4.7,17,defeat_enemy
2025-01-01T12:05:40,68,3,62.6,6261,286.6,4.4,17,jump
2025-01-01T12:05:45,69,3,36.2,6261,280.7,5.6,17,take_damage
2025-01-01T12:05:50,70,3,7.4,6261,276.9,6.3,17,take_damage
2025-01-01T12:05:55,71,3,7.4,6261,270.1,5.4,17,dodge
2025-01-01T12:06:00,72,3,7.4,6261,264.6,5.2,17,run
2025-01-01T12:06:05,73,3,7.4,6261,258.6,5.0,17,dodge
2025-01-01T12:06:10,74,3,7.4,6524,252.7,5.2,18,defeat_enemy
2025-01-01T12:06:15,75,2,100.0,6524,277.9,5.0,18,die
2025-01-01T12:06:20,76,2,100.0,6524,271.3,5.3,18,dodge
2025-01-01T12:06:25,77,2,100.0,6524,266.8,5.4,18,run
2025-01-01T12:06:30,78,2,61.8,6524,262.6,6.1,18,take_damage
2025-01-01T12:06:35,79,2,61.8,6524,258.1,6.3,18,run
2025-01-01T12:06:40,80,2,61.8,6524,250.5,6.2,18,jump
2025-01-01T12:06:45,81,2,61.8,6574,246.7,5.9,18,collect_item
2025-01-01T12:06:50,82,2,29.5,6574,240.2,6.2,18,take_damage
2025-01-01T12:06:55,83,2,29.5,6574,235.3,5.8,18,jump
2025-01-01T12:07:00,84,1,100.0,6574,259.8,5.5,18,die
2025-01-01T12:07:05,85,1,67.1,6574,256.3,4.8,18,take_damage
2025-01-01T12:07:10,86,1,67.1,6574,249.7,5.2,18,run
2025-01-01T12:07:15,87,1,67.1,6574,243.1,5.0,18,jump
2025-01-01T12:07:20,88,1,32.2,6574,236.8,4.0,18,take_damage
2025-01-01T12:07:25,89,1,32.2,6959,233.4,3.8,19,defeat_enemy
2025-01-01T12:07:30,90,1,14.6,6959,230.4,3.0,19,take_damage
2025-01-01T12:07:35,91,1,14.6,7191,228.3,2.8,20,defeat_enemy
2025-01-01T12:07:40,92,3,100.0,6691,300.0,3.0,20,die
2025-01-01T12:07:45,93,3,100.0,6691,296.3,3.7,20,jump
2025-01-01T12:07:50,94,3,65.1,6691,293.2,4.1,20,take_damage
2025-01-01T12:07:55,95,3,65.1,6691,289.0,4.3,20,jump
2025-01-01T12:08:00,96,3,32.0,6691,284.7,3.6,20,take_damage
2025-01-01T12:08:05,97,3,32.0,6691,280.5,4.6,20,run
2025-01-01T12:08:10,98,3,11.7,6691,275.6,3.8,20,take_damage
2025-01-01T12:08:15,99,3,11.7,7095,272.0,4.6,21,defeat_enemy
2025-01-01T12:08:20,100,3,11.7,7095,267.8,4.9,21,jump
2025-01-01T12:08:25,101,3,11.7,7095,264.6,5.5,21,run
2025-01-01T12:08:30,102,3,11.7,7530,261.1,5.5,22,defeat_enemy
2025-01-01T12:08:35,103,2,100.0,7530,285.1,5.4,22,die
2025-01-01T12:08:40,104,2,59.1,7530,280.8,5.8,22,take_damage
2025-01-01T12:08:45,105,2,59.1,8001,273.9,5.6,23,defeat_enemy
2025-01-01T12:08:50,106,2,59.1,8001,268.0,5.1,23,dodge
2025-01-01T12:08:55,107,2,22.4,8001,264.6,4.8,23,take_damage
2025-01-01T12:09:00,108,1,100.0,8001,289.3,4.2,23,die
2025-01-01T12:09:05,109,1,100.0,8001,285.6,3.4,23,jump
2025-01-01T12:09:10,110,1,100.0,8001,283.3,3.5,23,run
2025-01-01T12:09:15,111,1,100.0,8001,280.7,3.6,23,jump
2025-01-01T12:09:20,112,1,100.0,8001,277.2,4.0,23,dodge
2025-01-01T12:09:25,113,1,100.0,8345,272.2,4.6,24,defeat_enemy
2025-01-01T12:09:30,114,1,77.1,8345,268.0,4.6,24,take_damage
2025-01-01T12:09:35,115,1,77.1,8345,264.5,4.3,24,jump
2025-01-01T12:09:40,116,1,77.1,8395,261.9,3.5,24,collect_item
2025-01-01T12:09:45,117,1,77.1,8395,258.4,3.4,24,dodge
2025-01-01T12:09:50,118,1,77.1,8395,255.6,2.5,24,jump
2025-01-01T12:09:55,119,1,77.1,8395,253.2,2.1,24,jump
2025-01-01T12:10:00,120,1,56.2,8395,251.4,2.3,24,take_damage
2025-01-01T12:10:05,121,1,34.2,8395,248.7,3.2,24,take_damage
2025-01-01T12:10:10,122,1,34.2,8395,245.2,2.9,24,dodge
2025-01-01T12:10:15,123,1,54.2,8445,242.8,2.7,24,collect_item
2025-01-01T12:10:20,124,1,25.3,8445,241.0,3.1,24,take_damage
2025-01-01T12:10:25,125,1,25.3,8681,237.3,3.1,25,defeat_enemy
2025-01-01T12:10:30,126,1,6.7,8681,233.0,3.1,25,take_damage
2025-01-01T12:10:35,127,1,6.7,8731,231.0,2.4,25,collect_item
2025-01-01T12:10:40,128,1,6.7,9054,227.6,2.6,26,defeat_enemy
2025-01-01T12:10:45,129,1,6.7,9054,225.2,2.2,26,jump
2025-01-01T12:10:50,130,1,100.0,10054,300.0,2.2,26,checkpoint
2025-01-01T12:10:55,131,1,73.7,10054,297.0,2.0,26,take_damage
2025-01-01T12:11:00,132,1,55.3,10054,294.5,2.6,26,take_damage
2025-01-01T12:11:05,133,1,55.3,10334,292.6,2.6,27,defeat_enemy
2025-01-01T12:11:10,134,1,55.3,10334,289.8,2.7,27,run
2025-01-01T12:11:15,135,1,27.3,10334,287.7,3.1,27,take_damage
2025-01-01T12:11:20,136,1,27.3,10540,283.8,3.2,28,defeat_enemy
2025-01-01T12:11:25,137,3,100.0,10040,300.0,3.3,28,die
2025-01-01T12:11:30,138,3,100.0,10301,295.8,4.3,29,defeat_enemy
2025-01-01T12:11:35,139,3,100.0,10301,292.3,4.3,29,jump
2025-01-01T12:11:40,140,3,64.0,10301,287.2,4.4,29,take_damage
2025-01-01T12:11:45,141,3,28.6,10301,282.5,4.5,29,take_damage
2025-01-01T12:11:50,142,3,28.6,10301,277.7,4.7,29,jump
2025-01-01T12:11:55,143,2,100.0,10301,300.0,4.5,29,die
2025-01-01T12:12:00,144,2,100.0,10565,295.6,4.3,30,defeat_enemy
2025-01-01T12:12:05,145,2,100.0,10565,291.4,4.7,30,dodge
2025-01-01T12:12:10,146,2,100.0,10565,286.8,4.6,30,dodge
2025-01-01T12:12:15,147,2,100.0,10565,281.6,5.1,30,jump
2025-01-01T12:12:20,148,2,100.0,10565,277.1,5.1,30,jump
2025-01-01T12:12:25,149,2,100.0,10615,272.2,4.4,30,collect_item
2025-01-01T12:12:30,150,2,100.0,10615,267.4,4.6,30,jump
2025-01-01T12:12:35,151,2,100.0,10615,261.0,5.0,30,jump
2025-01-01T12:12:40,152,2,100.0,10615,254.7,4.2,30,jump
2025-01-01T12:12:45,153,2,100.0,10615,251.3,4.5,30,run
2025-01-01T12:12:50,154,2,100.0,10615,246.0,4.7,30,run
2025-01-01T12:12:55,155,2,63.3,10615,242.1,5.0,30,take_damage
2025-01-01T12:13:00,156,2,63.3,10847,236.8,4.4,31,defeat_enemy
2025-01-01T12:13:05,157,2,28.4,10847,231.5,3.8,31,take_damage
2025-01-01T12:13:10,158,2,28.4,10847,226.3,4.2,31,jump
2025-01-01T12:13:15,159,2,28.4,10847,221.4,4.9,31,run
2025-01-01T12:13:20,160,2,28.4,10847,214.6,4.8,31,jump
2025-01-01T12:13:25,161,2,48.4,10897,211.3,4.9,31,collect_item
2025-01-01T12:13:30,162,2,48.4,10897,205.0,5.1,31,jump
2025-01-01T12:13:35,163,2,48.4,10897,199.3,5.0,31,jump
2025-01-01T12:13:40,164,2,48.4,10897,192.5,4.3,31,dodge
2025-01-01T12:13:45,165,2,48.4,10897,187.7,3.8,31,jump
2025-01-01T12:13:50,166,2,48.4,11116,182.5,4.2,32,defeat_enemy
2025-01-01T12:13:55,167,2,48.4,11359,179.9,3.6,33,defeat_enemy
2025-01-01T12:14:00,168,2,68.4,11409,176.5,4.1,33,collect_item
2025-01-01T12:14:05,169,2,38.7,11409,172.1,4.9,33,take_damage
2025-01-01T12:14:10,170,2,0.8,11409,166.9,5.0,33,take_damage
2025-01-01T12:14:15,171,2,0.8,11538,162.0,5.7,34,defeat_enemy
2025-01-01T12:14:20,172,2,0.8,11538,154.3,5.9,34,jump
2025-01-01T12:14:25,173,2,0.8,11732,149.8,5.6,35,defeat_enemy
2025-01-01T12:14:30,174,1,100.0,11732,173.9,4.0,35,die
2025-01-01T12:14:35,175,1,100.0,11732,170.6,3.0,35,dodge
2025-01-01T12:14:40,176,1,100.0,11732,166.6,3.0,35,jump
2025-01-01T12:14:45,177,1,100.0,11932,162.9,2.0,36,defeat_enemy
2025-01-01T12:14:50,178,1,100.0,12282,160.4,2.4,37,defeat_enemy
2025-01-01T12:14:55,179,1,100.0,12332,158.9,1.8,37,collect_item
2025-01-01T12:15:00,180,1,100.0,12332,157.6,2.6,37,jump
2025-01-01T12:15:05,181,1,100.0,12332,155.0,2.5,37,jump
2025-01-01T12:15:10,182,1,100.0,12332,151.9,1.7,37,jump
2025-01-01T12:15:15,183,1,68.4,12332,149.6,2.2,37,take_damage
2025-01-01T12:15:20,184,1,68.4,12332,147.0,3.7,37,dodge
2025-01-01T12:15:25,185,1,68.4,12731,143.9,3.4,38,defeat_enemy
2025-01-01T12:15:30,186,1,43.5,12731,141.2,2.7,38,take_damage
2025-01-01T12:15:35,187,1,43.5,12731,138.2,3.3,38,run
2025-01-01T12:15:40,188,1,43.5,12886,136.1,3.7,39,defeat_enemy
2025-01-01T12:15:45,189,1,43.5,13024,131.1,2.5,40,defeat_enemy
2025-01-01T12:15:50,190,1,43.5,13024,127.8,3.0,40,jump
2025-01-01T12:15:55,191,1,43.5,13024,124.6,3.4,40,jump
2025-01-01T12:16:00,192,1,43.5,13024,120.8,3.7,40,dodge
2025-01-01T12:16:05,193,1,16.0,13024,116.1,3.3,40,take_damage
2025-01-01T12:16:10,194,1,16.0,13463,111.5,2.9,41,defeat_enemy
2025-01-01T12:16:15,195,1,100.0,14463,300.0,2.9,41,checkpoint
2025-01-01T12:16:20,196,1,100.0,14463,296.7,3.3,41,jump
2025-01-01T12:16:25,197,1,100.0,14513,292.6,3.2,41,collect_item
2025-01-01T12:16:30,198,1,76.6,14513,290.1,3.4,41,take_damage
2025-01-01T12:16:35,199,1,96.6,14563,287.7,3.3,41,collect_item
2025-01-01T12:16:40,200,1,79.6,14563,285.0,3.2,41,take_damage
2025-01-01T12:16:45,201,1,79.6,14683,283.1,3.2,42,defeat_enemy
2025-01-01T12:16:50,202,1,79.6,14683,279.2,2.8,42,jump
2025-01-01T12:16:55,203,1,79.6,14733,276.4,3.3,42,collect_item
2025-01-01T12:17:00,204,1,79.6,14733,272.1,3.6,42,dodge
2025-01-01T12:17:05,205,1,53.3,14733,267.0,3.7,42,take_damage
2025-01-01T12:17:10,206,1,53.3,14883,262.1,3.1,43,defeat_enemy
2025-01-01T12:17:15,207,1,53.3,15100,258.7,2.4,44,defeat_enemy
2025-01-01T12:17:20,208,1,53.3,15100,256.3,2.2,44,jump
2025-01-01T12:17:25,209,1,53.3,15100,253.9,2.9,44,jump
2025-01-01T12:17:30,210,1,53.3,15100,251.4,2.5,44,jump
2025-01-01T12:17:35,211,1,37.2,15100,249.1,2.4,44,take_damage
2025-01-01T12:17:40,212,1,37.2,15495,246.1,2.1,45,defeat_enemy
2025-01-01T12:17:45,213,1,37.2,15495,243.4,1.8,45,jump
2025-01-01T12:17:50,214,1,37.2,15495,241.8,1.9,45,run
2025-01-01T12:17:55,215,1,37.2,15656,240.6,2.1,46,defeat_enemy
2025-01-01T12:18:00,216,1,37.2,15656,238.5,2.8,46,dodge
2025-01-01T12:18:05,217,1,37.2,15656,235.1,2.1,46,run
2025-01-01T12:18:10,218,1,37.2,15656,232.7,1.9,46,run
2025-01-01T12:18:15,219,1,37.2,15758,231.1,2.6,47,defeat_enemy
2025-01-01T12:18:20,220,1,37.2,15758,227.8,3.4,47,jump
2025-01-01T12:18:25,221,1,37.2,15994,224.0,4.1,48,defeat_enemy
2025-01-01T12:18:30,222,1,37.2,15994,220.3,3.9,48,dodge
2025-01-01T12:18:35,223,1,37.2,16271,215.2,4.1,49,defeat_enemy
2025-01-01T12:18:40,224,1,37.2,16271,211.3,4.5,49,jump
2025-01-01T12:18:45,225,1,37.2,16271,206.8,3.9,49,jump
2025-01-01T12:18:50,226,1,37.2,16374,204.3,3.8,50,defeat_enemy
2025-01-01T12:18:55,227,1,37.2,16477,201.1,3.6,51,defeat_enemy
2025-01-01T12:19:00,228,1,37.2,16858,196.7,3.7,52,defeat_enemy
2025-01-01T12:19:05,229,1,18.5,16858,193.0,4.0,52,take_damage
2025-01-01T12:19:10,230,1,18.5,16858,190.6,2.9,52,run
2025-01-01T12:19:15,231,3,100.0,16358,300.0,2.7,52,die
2025-01-01T12:19:20,232,3,100.0,16358,296.4,3.0,52,jump
2025-01-01T12:19:25,233,3,100.0,16358,292.5,3.7,52,jump
2025-01-01T12:19:30,234,3,100.0,16408,289.7,4.7,52,collect_item
2025-01-01T12:19:35,235,3,66.9,16408,284.8,5.1,52,take_damage
2025-01-01T12:19:40,236,3,66.9,16577,281.2,5.9,53,defeat_enemy
2025-01-01T12:19:45,237,3,66.9,16577,276.9,5.6,53,run
2025-01-01T12:19:50,238,3,35.1,16577,270.1,5.2,53,take_damage
2025-01-01T12:19:55,239,3,55.1,16627,264.3,4.5,53,collect_item
2025-01-01T12:20:00,240,3,55.1,16749,260.0,3.9,54,defeat_enemy
2025-01-01T12:20:05,241,3,35.5,16749,256.1,4.0,54,take_damage
2025-01-01T12:20:10,242,3,35.5,16749,250.9,4.8,54,jump
2025-01-01T12:20:15,243,3,2.7,16749,245.7,5.7,54,take_damage
2025-01-01T12:20:20,244,3,2.7,16749,241.5,5.2,54,jump
2025-01-01T12:20:25,245,3,2.7,16749,237.9,5.5,54,jump
2025-01-01T12:20:30,246,3,2.7,17058,233.5,5.1,55,defeat_enemy
2025-01-01T12:20:35,247,3,2.7,17397,229.8,4.8,56,defeat_enemy
2025-01-01T12:20:40,248,3,22.7,17447,223.9,5.1,56,collect_item
2025-01-01T12:20:45,249,3,22.7,17447,218.0,4.9,56,jump
2025-01-01T12:20:50,250,3,22.7,17447,214.7,5.7,56,run
2025-01-01T12:20:55,251,3,22.7,17447,208.1,5.0,56,jump
2025-01-01T12:21:00,252,3,22.7,17447,201.8,5.4,56,run
2025-01-01T12:21:05,253,3,22.7,17670,194.6,5.9,57,defeat_enemy
2025-01-01T12:21:10,254,2,100.0,17670,216.6,6.1,57,die
2025-01-01T12:21:15,255,2,100.0,17670,208.1,6.0,57,run
2025-01-01T12:21:20,256,2,100.0,18076,200.3,6.0,58,defeat_enemy
2025-01-01T12:21:25,257,2,100.0,18076,196.1,5.5,58,dodge
2025-01-01T12:21:30,258,2,100.0,18463,189.6,5.6,59,defeat_enemy
2025-01-01T12:21:35,259,2,100.0,18463,181.9,4.8,59,jump
2025-01-01T12:21:40,260,2,100.0,19463,300.0,4.8,59,checkpoint
2025-01-01T12:21:45,261,2,100.0,19513,294.2,4.3,59,collect_item
2025-01-01T12:21:50,262,2,100.0,19513,289.6,3.7,59,dodge
2025-01-01T12:21:55,263,2,100.0,19563,285.0,4.4,59,collect_item
2025-01-01T12:22:00,264,2,62.9,19563,280.1,5.0,59,take_damage
2025-01-01T12:22:05,265,2,62.9,19563,275.9,4.6,59,dodge
2025-01-01T12:22:10,266,2,62.9,19563,270.1,5.6,59,jump
2025-01-01T12:22:15,267,2,62.9,20060,266.5,6.0,60,defeat_enemy
2025-01-01T12:22:20,268,2,62.9,20060,261.1,6.9,60,run
2025-01-01T12:22:25,269,2,26.0,20060,256.2,6.5,60,take_damage
2025-01-01T12:22:30,270,2,26.0,20262,251.6,5.9,61,defeat_enemy
2025-01-01T12:22:35,271,2,26.0,20262,244.1,5.1,61,dodge
2025-01-01T12:22:40,272,1,100.0,20262,267.9,5.1,61,die
2025-01-01T12:22:45,273,1,100.0,20262,264.6,4.7,61,run
2025-01-01T12:22:50,274,1,76.8,20262,259.8,4.2,61,take_damage
2025-01-01T12:22:55,275,1,76.8,20312,255.8,4.1,61,collect_item
2025-01-01T12:23:00,276,1,76.8,20312,253.1,3.2,61,jump
2025-01-01T12:23:05,277,1,76.8,20710,251.1,3.0,62,defeat_enemy
2025-01-01T12:23:10,278,1,76.8,20760,248.4,3.4,62,collect_item
2025-01-01T12:23:15,279,1,76.8,20995,244.3,3.4,63,defeat_enemy
2025-01-01T12:23:20,280,1,76.8,20995,240.5,3.7,63,jump
2025-01-01T12:23:25,281,1,76.8,20995,238.0,2.8,63,jump
2025-01-01T12:23:30,282,1,76.8,21254,235.8,3.1,64,defeat_enemy
2025-01-01T12:23:35,283,1,76.8,21304,231.9,2.1,64,collect_item
2025-01-01T12:23:40,284,1,76.8,21304,230.2,2.5,64,jump
2025-01-01T12:23:45,285,1,76.8,21304,227.0,2.5,64,dodge
2025-01-01T12:23:50,286,1,76.8,21304,224.5,1.5,64,dodge
2025-01-01T12:23:55,287,1,96.8,21354,223.1,2.0,64,collect_item
2025-01-01T12:24:00,288,1,96.8,21354,221.7,2.1,64,jump
2025-01-01T12:24:05,289,1,96.8,21354,219.7,2.7,64,run
2025-01-01T12:24:10,290,1,96.8,21404,215.9,2.6,64,collect_item
2025-01-01T12:24:15,291,1,96.8,21404,213.6,4.1,64,dodge
2025-01-01T12:24:20,292,1,96.8,21762,208.3,3.5,65,defeat_enemy
2025-01-01T12:24:25,293,1,100.0,21812,205.2,2.9,65,collect_item
2025-01-01T12:24:30,294,1,100.0,22058,202.4,2.6,66,defeat_enemy
2025-01-01T12:24:35,295,1,83.3,22058,200.2,3.1,66,take_damage
2025-01-01T12:24:40,296,1,55.3,22058,197.9,2.0,66,take_damage
2025-01-01T12:24:45,297,1,55.3,22058,196.4,2.1,66,dodge
2025-01-01T12:24:50,298,1,55.3,22058,194.9,2.7,66,jump
2025-01-01T12:24:55,299,1,55.3,22058,191.8,2.4,66,dodge
2025-01-01T12:25:00,300,1,26.4,22058,189.3,2.5,66,take_damage
2025-01-01T12:25:05,301,1,26.4,22552,187.5,3.0,67,defeat_enemy
2025-01-01T12:25:10,302,1,26.4,22838,183.8,3.1,68,defeat_enemy
2025-01-01T12:25:15,303,1,7.8,22838,179.5,3.6,68,take_damage
2025-01-01T12:25:20,304,1,7.8,23167,176.2,3.3,69,defeat_enemy
2025-01-01T12:25:25,305,1,7.8,23453,173.9,2.7,70,defeat_enemy
2025-01-01T12:25:30,306,1,7.8,23453,171.2,3.4,70,dodge
2025-01-01T12:25:35,307,1,27.8,23503,167.9,4.0,70,collect_item
2025-01-01T12:25:40,308,1,27.8,23503,165.1,3.9,70,jump
2025-01-01T12:25:45,309,3,100.0,23003,300.0,4.0,70,die
2025-01-01T12:25:50,310,3,100.0,23053,297.2,4.1,70,collect_item
2025-01-01T12:25:55,311,3,100.0,23053,294.2,5.0,70,run
2025-01-01T12:26:00,312,3,100.0,23053,291.1,5.1,70,jump
2025-01-01T12:26:05,313,3,100.0,23053,287.2,4.9,70,jump
2025-01-01T12:26:10,314,3,100.0,23475,280.7,4.3,71,defeat_enemy
2025-01-01T12:26:15,315,3,78.3,23475,276.8,4.3,71,take_damage
2025-01-01T12:26:20,316,3,53.8,23475,272.8,4.0,71,take_damage
2025-01-01T12:26:25,317,3,53.8,23879,267.2,4.4,72,defeat_enemy
2025-01-01T12:26:30,318,3,53.8,24035,262.7,4.9,73,defeat_enemy
2025-01-01T12:26:35,319,3,53.8,24035,259.5,5.2,73,dodge
2025-01-01T12:26:40,320,3,53.8,24533,253.1,5.8,74,defeat_enemy
2025-01-01T12:26:45,321,3,53.8,24533,247.4,5.3,74,jump
2025-01-01T12:26:50,322,3,73.8,24583,242.6,4.8,74,collect_item
2025-01-01T12:26:55,323,3,73.8,24583,237.4,5.0,74,jump
2025-01-01T12:27:00,324,3,73.8,24844,234.3,5.2,75,defeat_enemy
2025-01-01T12:27:05,325,3,100.0,25844,300.0,5.2,75,checkpoint
2025-01-01T12:27:10,326,3,100.0,25844,296.7,5.3,75,jump
2025-01-01T12:27:15,327,3,100.0,25844,291.8,4.6,75,dodge
2025-01-01T12:27:20,328,3,73.4,25844,285.5,4.9,75,take_damage
2025-01-01T12:27:25,329,3,73.4,25844,278.8,5.0,75,jump
2025-01-01T12:27:30,330,3,73.4,26126,275.3,4.6,76,defeat_enemy
2025-01-01T12:27:35,331,3,73.4,26176,270.3,4.3,76,collect_item
2025-01-01T12:27:40,332,3,73.4,26607,265.2,4.5,77,defeat_enemy
2025-01-01T12:27:45,333,3,73.4,26607,260.6,4.5,77,jump
2025-01-01T12:27:50,334,3,73.4,26607,255.8,4.3,77,dodge
2025-01-01T12:27:55,335,3,73.4,26607,251.2,4.4,77,jump
2025-01-01T12:28:00,336,3,73.4,26995,248.3,5.3,78,defeat_enemy
2025-01-01T12:28:05,337,3,73.4,27375,241.9,4.5,79,defeat_enemy
2025-01-01T12:28:10,338,3,73.4,27640,238.5,5.3,80,defeat_enemy
2025-01-01T12:28:15,339,3,39.8,27640,234.4,4.5,80,take_damage
2025-01-01T12:28:20,340,3,39.8,27640,229.1,4.7,80,jump
2025-01-01T12:28:25,341,3,39.8,27640,224.4,4.6,80,run
2025-01-01T12:28:30,342,3,39.8,27640,219.0,5.0,80,dodge
2025-01-01T12:28:35,343,3,39.8,27640,214.9,4.7,80,run
2025-01-01T12:28:40,344,3,39.8,28113,209.5,5.9,81,defeat_enemy
2025-01-01T12:28:45,345,3,39.8,28113,202.2,5.6,81,jump
2025-01-01T12:28:50,346,3,39.8,28113,194.5,5.7,81,jump
2025-01-01T12:28:55,347,3,39.8,28293,187.9,5.2,82,defeat_enemy
2025-01-01T12:29:00,348,3,39.8,28293,182.6,5.6,82,jump
2025-01-01T12:29:05,349,3,39.8,28293,176.5,5.1,82,dodge
2025-01-01T12:29:10,350,3,39.8,28665,173.1,4.9,83,defeat_enemy
2025-01-01T12:29:15,351,2,100.0,28665,199.6,6.2,83,die
2025-01-01T12:29:20,352,2,100.0,28665,193.5,5.6,83,jump
2025-01-01T12:29:25,353,2,100.0,28665,188.9,6.2,83,run
2025-01-01T12:29:30,354,2,69.3,28665,180.9,6.1,83,take_damage
2025-01-01T12:29:35,355,2,69.3,28665,173.1,5.9,83,jump
2025-01-01T12:29:40,356,2,69.3,28665,166.0,5.6,83,jump
2025-01-01T12:29:45,357,2,69.3,29021,161.3,4.5,84,defeat_enemy
2025-01-01T12:29:50,358,2,69.3,29071,156.8,4.0,84,collect_item
2025-01-01T12:29:55,359,2,69.3,29071,153.5,4.4,84,dodge
2025-01-01T12:30:00,360,2,69.3,29071,148.2,4.2,84,dodge
2025-01-01T12:30:05,361,2,69.3,29331,143.7,4.1,85,defeat_enemy
2025-01-01T12:30:10,362,2,69.3,29331,140.9,4.0,85,dodge
2025-01-01T12:30:15,363,2,69.3,29331,137.7,4.4,85,dodge
2025-01-01T12:30:20,364,2,69.3,29698,134.2,5.4,86,defeat_enemy
2025-01-01T12:30:25,365,2,69.3,29698,128.9,5.7,86,run
2025-01-01T12:30:30,366,2,69.3,29698,125.0,6.1,86,run
2025-01-01T12:30:35,367,2,69.3,29698,120.2,6.0,86,run
2025-01-01T12:30:40,368,2,69.3,29698,112.3,5.9,86,dodge
2025-01-01T12:30:45,369,2,69.3,29698,105.5,4.9,86,run
2025-01-01T12:30:50,370,2,69.3,29698,102.2,4.4,86,jump
2025-01-01T12:30:55,371,2,34.8,29698,97.6,5.1,86,take_damage
2025-01-01T12:31:00,372,2,34.8,29698,92.5,5.9,86,jump
2025-01-01T12:31:05,373,2,34.8,29698,88.4,5.1,86,dodge
2025-01-01T12:31:10,374,2,34.8,29698,83.7,5.4,86,dodge
2025-01-01T12:31:15,375,1,100.0,29698,108.6,5.1,86,die
2025-01-01T12:31:20,376,1,100.0,29852,103.7,3.9,87,defeat_enemy
2025-01-01T12:31:25,377,1,74.2,29852,99.4,3.4,87,take_damage
2025-01-01T12:31:30,378,1,74.2,30337,94.8,2.0,88,defeat_enemy
2025-01-01T12:31:35,379,1,50.3,30337,92.2,3.0,88,take_damage
2025-01-01T12:31:40,380,1,50.3,30337,90.1,3.7,88,jump
2025-01-01T12:31:45,381,1,50.3,30621,86.4,3.4,89,defeat_enemy
2025-01-01T12:31:50,382,1,19.5,30621,84.0,2.8,89,take_damage
2025-01-01T12:31:55,383,1,19.5,30621,82.2,2.5,89,jump
2025-01-01T12:32:00,384,1,19.5,30621,80.6,2.0,89,dodge
2025-01-01T12:32:05,385,1,19.5,30621,79.0,2.8,89,dodge
2025-01-01T12:32:10,386,3,100.0,30121,300.0,3.0,89,die
2025-01-01T12:32:15,387,3,100.0,30278,297.4,3.0,90,defeat_enemy
2025-01-01T12:32:20,388,3,100.0,30402,294.0,3.2,91,defeat_enemy
2025-01-01T12:32:25,389,3,100.0,30402,289.7,4.5,91,jump
2025-01-01T12:32:30,390,3,100.0,31402,300.0,4.5,91,checkpoint
2025-01-01T12:32:35,391,3,100.0,31402,294.9,3.9,91,dodge
2025-01-01T12:32:40,392,3,100.0,31845,291.6,4.5,92,defeat_enemy
2025-01-01T12:32:45,393,3,100.0,32110,288.3,5.2,93,defeat_enemy
2025-01-01T12:32:50,394,3,100.0,32241,283.5,4.7,94,defeat_enemy
2025-01-01T12:32:55,395,3,100.0,32672,279.0,4.7,95,defeat_enemy
2025-01-01T12:33:00,396,3,100.0,33093,276.0,4.3,96,defeat_enemy
2025-01-01T12:33:05,397,3,100.0,33093,271.4,5.0,96,jump
2025-01-01T12:33:10,398,3,100.0,33489,264.8,4.6,97,defeat_enemy
2025-01-01T12:33:15,399,3,100.0,33489,259.3,5.8,97,run
2025-01-01T12:33:20,400,3,100.0,33489,254.9,6.1,97,run
2025-01-01T12:33:25,401,3,100.0,33787,249.5,5.4,98,defeat_enemy
2025-01-01T12:33:30,402,3,100.0,33787,245.8,5.9,98,jump
2025-01-01T12:33:35,403,3,100.0,33787,242.1,5.5,98,jump
2025-01-01T12:33:40,404,3,100.0,33979,236.3,4.7,99,defeat_enemy
2025-01-01T12:33:45,405,3,100.0,34456,231.4,4.4,100,defeat_enemy
2025-01-01T12:33:50,406,3,100.0,34456,227.5,4.6,100,run
2025-01-01T12:33:55,407,3,71.9,34456,221.8,4.2,100,take_damage
2025-01-01T12:34:00,408,3,71.9,34894,216.3,3.7,101,defeat_enemy
2025-01-01T12:34:05,409,3,71.9,34894,211.3,3.9,101,run
2025-01-01T12:34:10,410,3,71.9,34894,208.2,4.2,101,run
2025-01-01T12:34:15,411,3,71.9,34894,202.5,4.4,101,jump
2025-01-01T12:34:20,412,3,71.9,34894,198.0,4.5,101,jump
2025-01-01T12:34:25,413,3,71.9,34894,193.5,4.7,101,dodge
2025-01-01T12:34:30,414,3,71.9,35320,190.3,5.0,102,defeat_enemy
2025-01-01T12:34:35,415,3,71.9,35582,186.2,5.2,103,defeat_enemy
2025-01-01T12:34:40,416,3,71.9,35582,180.8,5.5,103,run
2025-01-01T12:34:45,417,3,71.9,35903,174.1,5.3,104,defeat_enemy
2025-01-01T12:34:50,418,3,71.9,36316,170.7,5.5,105,defeat_enemy
2025-01-01T12:34:55,419,3,71.9,36366,164.9,5.4,105,collect_item
2025-01-01T12:35:00,420,3,71.9,36366,161.5,5.5,105,jump
2025-01-01T12:35:05,421,3,71.9,36366,157.8,6.3,105,run
2025-01-01T12:35:10,422,3,71.9,36366,153.9,6.3,105,run
2025-01-01T12:35:15,423,3,71.9,36530,146.5,5.7,106,defeat_enemy
2025-01-01T12:35:20,424,3,71.9,36530,141.9,5.8,106,dodge
2025-01-01T12:35:25,425,3,71.9,36580,134.8,5.1,106,collect_item
2025-01-01T12:35:30,426,3,38.9,36580,130.3,5.4,106,take_damage
2025-01-01T12:35:35,427,3,38.9,36580,124.5,5.5,106,jump
2025-01-01T12:35:40,428,3,6.5,36580,119.1,4.6,106,take_damage
2025-01-01T12:35:45,429,3,6.5,36580,116.0,5.7,106,dodge
2025-01-01T12:35:50,430,3,6.5,36824,111.4,4.8,107,defeat_enemy
2025-01-01T12:35:55,431,3,6.5,36824,108.2,5.5,107,dodge
2025-01-01T12:36:00,432,3,6.5,36824,104.3,5.5,107,jump
2025-01-01T12:36:05,433,3,6.5,37053,99.4,5.9,108,defeat_enemy
2025-01-01T12:36:10,434,2,100.0,37053,124.1,5.5,108,die
2025-01-01T12:36:15,435,2,100.0,37103,116.5,5.8,108,collect_item
2025-01-01T12:36:20,436,2,100.0,37371,112.4,5.4,109,defeat_enemy
2025-01-01T12:36:25,437,2,100.0,37569,107.0,5.8,110,defeat_enemy
2025-01-01T12:36:30,438,2,100.0,38048,100.6,5.3,111,defeat_enemy
2025-01-01T12:36:35,439,2,100.0,38048,96.0,5.0,111,jump
2025-01-01T12:36:40,440,2,100.0,38048,91.3,5.3,111,run
2025-01-01T12:36:45,441,2,61.4,38048,87.2,4.6,111,take_damage
2025-01-01T12:36:50,442,2,61.4,38048,83.4,4.5,111,jump
2025-01-01T12:36:55,443,2,61.4,38098,79.4,4.1,111,collect_item
2025-01-01T12:37:00,444,2,61.4,38098,76.3,4.4,111,jump
2025-01-01T12:37:05,445,2,61.4,38148,70.9,4.5,111,collect_item
2025-01-01T12:37:10,446,2,61.4,38309,65.4,4.5,112,defeat_enemy
2025-01-01T12:37:15,447,2,61.4,38648,61.1,4.4,113,defeat_enemy
2025-01-01T12:37:20,448,2,61.4,38648,56.4,4.4,113,jump
2025-01-01T12:37:25,449,2,61.4,38648,50.4,5.2,113,dodge
2025-01-01T12:37:30,450,2,28.1,38648,46.8,6.1,113,take_damage
2025-01-01T12:37:35,451,2,28.1,38648,40.1,7.4,113,run
2025-01-01T12:37:40,452,1,100.0,38648,60.9,7.7,113,die
2025-01-01T12:37:45,453,1,100.0,38933,52.0,6.5,114,defeat_enemy
2025-01-01T12:37:50,454,1,100.0,38933,44.6,5.3,114,jump
2025-01-01T12:37:55,455,1,100.0,39933,300.0,5.3,114,checkpoint
2025-01-01T12:38:00,456,1,100.0,39933,296.4,4.4,114,jump
2025-01-01T12:38:05,457,1,100.0,39933,292.2,4.1,114,jump
2025-01-01T12:38:10,458,1,80.9,39933,289.6,4.3,114,take_damage
2025-01-01T12:38:15,459,1,80.9,39933,285.8,4.6,114,run
2025-01-01T12:38:20,460,1,80.9,39933,282.4,4.7,114,jump
2025-01-01T12:38:25,461,1,80.9,40278,278.1,4.5,115,defeat_enemy
2025-01-01T12:38:30,462,1,80.9,40278,274.7,4.7,115,dodge
2025-01-01T12:38:35,463,1,80.9,40278,270.8,3.9,115,jump
2025-01-01T12:38:40,464,1,80.9,40278,267.4,2.8,115,run
2025-01-01T12:38:45,465,1,80.9,40518,263.6,2.7,116,defeat_enemy
2025-01-01T12:38:50,466,1,48.4,40518,261.0,3.2,116,take_damage
2025-01-01T12:38:55,467,1,48.4,40664,256.7,2.5,117,defeat_enemy
2025-01-01T12:39:00,468,1,48.4,41002,254.4,2.3,118,defeat_enemy
2025-01-01T12:39:05,469,1,48.4,41002,252.0,2.0,118,dodge
2025-01-01T12:39:10,470,1,48.4,41052,250.0,2.6,118,collect_item
2025-01-01T12:39:15,471,1,48.4,41478,247.5,3.1,119,defeat_enemy
2025-01-01T12:39:20,472,1,48.4,41478,243.2,3.2,119,jump
2025-01-01T12:39:25,473,1,48.4,41478,239.4,2.9,119,jump
2025-01-01T12:39:30,474,1,48.4,41890,237.6,3.0,120,defeat_enemy
2025-01-01T12:39:35,475,1,48.4,41890,234.4,3.1,120,jump
2025-01-01T12:39:40,476,1,48.4,41890,231.2,2.5,120,run
2025-01-01T12:39:45,477,1,48.4,41890,228.9,2.7,120,jump
2025-01-01T12:39:50,478,1,48.4,42334,225.3,3.3,121,defeat_enemy
2025-01-01T12:39:55,479,1,48.4,42334,223.1,3.4,121,run
2025-01-01T12:40:00,480,1,48.4,42334,220.1,3.1,121,jump
2025-01-01T12:40:05,481,1,48.4,42546,217.9,3.2,122,defeat_enemy
2025-01-01T12:40:10,482,1,25.8,42546,214.6,3.4,122,take_damage
2025-01-01T12:40:15,483,1,25.8,42596,211.8,4.2,122,collect_item
2025-01-01T12:40:20,484,1,25.8,42596,206.6,2.7,122,dodge
2025-01-01T12:40:25,485,1,25.8,43033,203.5,3.0,123,defeat_enemy
2025-01-01T12:40:30,486,3,100.0,42533,300.0,3.2,123,die
2025-01-01T12:40:35,487,3,100.0,42533,297.1,4.5,123,run
2025-01-01T12:40:40,488,3,73.3,42533,291.0,5.1,123,take_damage
2025-01-01T12:40:45,489,3,73.3,42533,287.9,5.2,123,jump
2025-01-01T12:40:50,490,3,73.3,42533,281.3,4.3,123,dodge
2025-01-01T12:40:55,491,3,73.3,42583,277.0,4.3,123,collect_item
2025-01-01T12:41:00,492,3,73.3,42583,271.7,4.9,123,jump
2025-01-01T12:41:05,493,3,73.3,42633,266.3,5.0,123,collect_item
2025-01-01T12:41:10,494,3,35.3,42633,259.3,4.9,123,take_damage
2025-01-01T12:41:15,495,3,35.3,42683,252.9,4.6,123,collect_item
2025-01-01T12:41:20,496,3,35.3,42683,249.8,5.7,123,jump
2025-01-01T12:41:25,497,3,35.3,42821,243.6,5.4,124,defeat_enemy
2025-01-01T12:41:30,498,3,35.3,43128,239.4,4.4,125,defeat_enemy
2025-01-01T12:41:35,499,3,1.3,43128,235.2,5.1,125,take_damage
2025-01-01T12:41:40,500,3,1.3,43550,230.2,5.1,126,defeat_enemy
2025-01-01T12:41:45,501,2,100.0,43550,256.8,4.8,126,die
2025-01-01T12:41:50,502,2,100.0,43600,251.5,5.1,126,collect_item
2025-01-01T12:41:55,503,2,60.9,43600,245.9,5.3,126,take_damage
2025-01-01T12:42:00,504,2,60.9,44058,240.1,5.6,127,defeat_enemy
2025-01-01T12:42:05,505,2,60.9,44474,236.0,6.0,128,defeat_enemy
2025-01-01T12:42:10,506,2,60.9,44474,231.2,6.3,128,run
2025-01-01T12:42:15,507,2,22.1,44474,223.8,5.6,128,take_damage
2025-01-01T12:42:20,508,2,22.1,44524,219.5,6.6,128,collect_item
2025-01-01T12:42:25,509,2,22.1,44720,212.2,6.3,129,defeat_enemy
2025-01-01T12:42:30,510,2,1.8,44720,205.1,5.1,129,take_damage
2025-01-01T12:42:35,511,2,1.8,44720,200.7,4.8,129,dodge
2025-01-01T12:42:40,512,2,1.8,44720,194.8,5.3,129,jump
2025-01-01T12:42:45,513,1,100.0,44720,221.3,5.2,129,die
2025-01-01T12:42:50,514,1,100.0,44720,215.6,4.7,129,dodge
2025-01-01T12:42:55,515,1,100.0,45188,210.3,3.9,130,defeat_enemy
2025-01-01T12:43:00,516,1,100.0,45522,204.9,3.6,131,defeat_enemy
2025-01-01T12:43:05,517,1,100.0,46003,200.6,3.0,132,defeat_enemy
2025-01-01T12:43:10,518,1,82.9,46003,198.3,2.4,132,take_damage
2025-01-01T12:43:15,519,1,100.0,46053,195.6,3.3,132,collect_item
2025-01-01T12:43:20,520,1,100.0,47053,300.0,3.3,132,checkpoint
2025-01-01T12:43:25,521,1,100.0,47053,298.0,3.4,132,run
2025-01-01T12:43:30,522,1,100.0,47053,295.2,2.7,132,jump
2025-01-01T12:43:35,523,1,100.0,47362,291.6,3.4,133,defeat_enemy
2025-01-01T12:43:40,524,1,100.0,47362,288.8,4.0,133,jump
2025-01-01T12:43:45,525,1,100.0,47771,283.7,3.6,134,defeat_enemy
2025-01-01T12:43:50,526,1,100.0,47821,279.0,3.3,134,collect_item
2025-01-01T12:43:55,527,1,100.0,48289,277.0,3.0,135,defeat_enemy
2025-01-01T12:44:00,528,1,100.0,48289,274.8,3.1,135,dodge
2025-01-01T12:44:05,529,1,78.5,48289,272.1,3.1,135,take_damage
2025-01-01T12:44:10,530,1,78.5,48339,270.1,2.6,135,collect_item
2025-01-01T12:44:15,531,1,78.5,48389,266.5,3.2,135,collect_item
2025-01-01T12:44:20,532,1,98.5,48439,263.8,3.4,135,collect_item
2025-01-01T12:44:25,533,1,73.4,48439,260.3,2.9,135,take_damage
2025-01-01T12:44:30,534,1,44.1,48439,257.2,2.1,135,take_damage
2025-01-01T12:44:35,535,1,44.1,48632,255.6,2.4,136,defeat_enemy
2025-01-01T12:44:40,536,1,44.1,48682,253.5,3.1,136,collect_item
2025-01-01T12:44:45,537,1,44.1,48732,249.5,2.2,136,collect_item
2025-01-01T12:44:50,538,1,44.1,48732,247.8,2.3,136,jump
2025-01-01T12:44:55,539,1,44.1,48732,244.7,2.5,136,jump
2025-01-01T12:45:00,540,1,44.1,48732,242.3,2.6,136,run
2025-01-01T12:45:05,541,1,44.1,48732,239.5,2.1,136,jump
2025-01-01T12:45:10,542,1,44.1,48732,237.8,2.0,136,jump
2025-01-01T12:45:15,543,1,44.1,48782,236.3,3.1,136,collect_item
2025-01-01T12:45:20,544,1,44.1,49025,234.1,3.5,137,defeat_enemy
2025-01-01T12:45:25,545,1,44.1,49025,229.8,3.7,137,dodge
2025-01-01T12:45:30,546,1,44.1,49075,227.1,3.1,137,collect_item
2025-01-01T12:45:35,547,1,44.1,49317,224.4,2.2,138,defeat_enemy
2025-01-01T12:45:40,548,1,44.1,49367,222.2,2.3,138,collect_item
2025-01-01T12:45:45,549,1,44.1,49367,220.0,2.2,138,dodge
2025-01-01T12:45:50,550,1,44.1,49627,218.5,3.2,139,defeat_enemy
2025-01-01T12:45:55,551,1,44.1,49677,214.8,3.5,139,collect_item
2025-01-01T12:46:00,552,1,8.2,49677,210.2,4.9,139,take_damage
2025-01-01T12:46:05,553,1,8.2,49677,206.9,5.1,139,jump
2025-01-01T12:46:10,554,3,100.0,49177,300.0,5.5,139,die
2025-01-01T12:46:15,555,3,100.0,49640,295.0,5.7,140,defeat_enemy
2025-01-01T12:46:20,556,3,100.0,49640,290.3,5.2,140,jump
2025-01-01T12:46:25,557,3,100.0,49690,285.4,5.3,140,collect_item
2025-01-01T12:46:30,558,3,100.0,49690,281.7,5.5,140,dodge
2025-01-01T12:46:35,559,3,100.0,49690,274.0,6.3,140,run
2025-01-01T12:46:40,560,3,100.0,49917,267.7,6.4,141,defeat_enemy
2025-01-01T12:46:45,561,3,100.0,49917,262.7,5.7,141,jump
2025-01-01T12:46:50,562,3,100.0,49917,254.8,4.7,141,jump
2025-01-01T12:46:55,563,3,62.5,49917,249.6,4.6,141,take_damage
2025-01-01T12:47:00,564,3,62.5,49917,246.6,5.1,141,dodge
2025-01-01T12:47:05,565,3,62.5,49917,242.8,5.0,141,run
2025-01-01T12:47:10,566,3,62.5,49917,239.7,4.7,141,jump
2025-01-01T12:47:15,567,3,62.5,49917,233.2,3.6,141,jump
2025-01-01T12:47:20,568,3,62.5,50149,230.9,4.7,142,defeat_enemy
2025-01-01T12:47:25,569,3,62.5,50149,225.9,5.0,142,jump
2025-01-01T12:47:30,570,3,39.4,50149,219.7,5.1,142,take_damage
2025-01-01T12:47:35,571,3,39.4,50149,216.1,5.0,142,jump
2025-01-01T12:47:40,572,3,39.4,50639,210.4,4.6,143,defeat_enemy
2025-01-01T12:47:45,573,3,11.3,50639,204.9,4.2,143,take_damage
2025-01-01T12:47:50,574,3,11.3,50639,201.3,4.2,143,run
2025-01-01T12:47:55,575,3,11.3,51014,196.8,3.9,144,defeat_enemy
2025-01-01T12:48:00,576,3,11.3,51014,194.1,4.0,144,run
2025-01-01T12:48:05,577,3,11.3,51014,191.6,3.1,144,dodge
2025-01-01T12:48:10,578,3,11.3,51252,188.1,4.1,145,defeat_enemy
2025-01-01T12:48:15,579,3,11.3,51252,184.5,4.8,145,run
2025-01-01T12:48:20,580,3,11.3,51379,179.3,5.2,146,defeat_enemy
2025-01-01T12:48:25,581,3,11.3,51633,175.0,4.8,147,defeat_enemy
2025-01-01T12:48:30,582,3,11.3,51951,169.3,5.9,148,defeat_enemy
2025-01-01T12:48:35,583,2,100.0,51951,195.3,5.4,148,die
2025-01-01T12:48:40,584,2,100.0,51951,189.1,5.4,148,dodge
2025-01-01T12:48:45,585,2,100.0,52951,300.0,5.4,148,checkpoint
2025-01-01T12:48:50,586,2,68.2,52951,296.0,5.4,148,take_damage
2025-01-01T12:48:55,587,2,68.2,52951,288.8,5.9,148,jump
2025-01-01T12:49:00,588,2,43.1,52951,280.9,6.0,148,take_damage
2025-01-01T12:49:05,589,2,43.1,52951,276.8,5.8,148,jump
2025-01-01T12:49:10,590,2,43.1,53208,270.3,5.9,149,defeat_enemy
2025-01-01T12:49:15,591,2,43.1,53637,264.2,5.4,150,defeat_enemy
2025-01-01T12:49:20,592,2,43.1,53819,258.2,5.3,151,defeat_enemy
2025-01-01T12:49:25,593,2,12.1,53819,252.3,5.8,151,take_damage
2025-01-01T12:49:30,594,1,100.0,53819,274.7,5.5,151,die
2025-01-01T12:49:35,595,1,100.0,54024,269.8,4.5,152,defeat_enemy
2025-01-01T12:49:40,596,1,100.0,54074,264.1,4.3,152,collect_item
2025-01-01T12:49:45,597,1,78.6,54074,261.3,3.4,152,take_damage
2025-01-01T12:49:50,598,1,78.6,54560,259.0,2.5,153,defeat_enemy
2025-01-01T12:49:55,599,1,78.6,54817,256.1,3.3,154,defeat_enemy
2025-01-01T12:50:00,600,1,78.6,55123,252.0,2.9,155,defeat_enemy
2025-01-01T12:50:05,601,1,78.6,55123,248.9,3.2,155,dodge
2025-01-01T12:50:10,602,1,78.6,55173,244.4,3.1,155,collect_item
2025-01-01T12:50:15,603,1,78.6,55173,240.1,1.5,155,jump
2025-01-01T12:50:20,604,1,78.6,55223,238.0,2.6,155,collect_item
2025-01-01T12:50:25,605,1,78.6,55223,235.6,2.6,155,run
2025-01-01T12:50:30,606,1,98.6,55273,232.9,3.0,155,collect_item
2025-01-01T12:50:35,607,1,98.6,55684,229.7,1.9,156,defeat_enemy
2025-01-01T12:50:40,608,1,98.6,55684,227.3,1.6,156,jump
2025-01-01T12:50:45,609,1,98.6,55841,225.9,1.3,157,defeat_enemy
2025-01-01T12:50:50,610,1,98.6,55891,224.4,1.9,157,collect_item
2025-01-01T12:50:55,611,1,98.6,55891,222.8,2.3,157,jump
2025-01-01T12:51:00,612,1,98.6,56187,219.9,3.3,158,defeat_enemy
2025-01-01T12:51:05,613,1,71.6,56187,216.1,4.1,158,take_damage
2025-01-01T12:51:10,614,1,71.6,56545,211.0,4.3,159,defeat_enemy
2025-01-01T12:51:15,615,1,71.6,56545,207.7,4.1,159,dodge
2025-01-01T12:51:20,616,1,71.6,56847,203.5,4.7,160,defeat_enemy
2025-01-01T12:51:25,617,1,71.6,57280,200.2,4.8,161,defeat_enemy
2025-01-01T12:51:30,618,1,71.6,57747,194.1,3.4,162,defeat_enemy
2025-01-01T12:51:35,619,1,71.6,57747,190.1,3.2,162,jump
2025-01-01T12:51:40,620,1,71.6,57918,188.1,4.0,163,defeat_enemy
2025-01-01T12:51:45,621,1,40.0,57918,182.9,3.3,163,take_damage
2025-01-01T12:51:50,622,1,40.0,58083,179.0,3.0,164,defeat_enemy
2025-01-01T12:51:55,623,1,40.0,58083,175.9,4.0,164,jump
2025-01-01T12:52:00,624,1,7.7,58083,172.2,3.5,164,take_damage
2025-01-01T12:52:05,625,1,27.7,58133,170.1,3.9,164,collect_item
2025-01-01T12:52:10,626,3,100.0,57633,300.0,3.3,164,die
2025-01-01T12:52:15,627,3,100.0,58003,296.9,3.5,165,defeat_enemy
2025-01-01T12:52:20,628,3,100.0,58307,292.6,4.2,166,defeat_enemy
2025-01-01T12:52:25,629,3,100.0,58307,287.8,4.7,166,jump
2025-01-01T12:52:30,630,3,68.4,58307,284.5,4.4,166,take_damage
2025-01-01T12:52:35,631,3,68.4,58307,278.8,4.5,166,jump
2025-01-01T12:52:40,632,3,68.4,58307,273.3,5.5,166,run
2025-01-01T12:52:45,633,3,68.4,58525,268.3,5.2,167,defeat_enemy
2025-01-01T12:52:50,634,3,35.9,58525,261.4,5.4,167,take_damage
2025-01-01T12:52:55,635,3,35.9,58525,253.9,5.5,167,jump
2025-01-01T12:53:00,636,3,35.9,58525,246.6,4.9,167,run
2025-01-01T12:53:05,637,3,35.9,58948,240.2,5.0,168,defeat_enemy
2025-01-01T12:53:10,638,3,8.8,58948,234.2,5.2,168,take_damage
2025-01-01T12:53:15,639,2,100.0,58948,260.7,4.6,168,die
2025-01-01T12:53:20,640,2,69.8,58948,256.9,5.4,168,take_damage
2025-01-01T12:53:25,641,2,41.3,58948,249.9,4.2,168,take_damage
2025-01-01T12:53:30,642,2,41.3,59069,244.4,3.9,169,defeat_enemy
2025-01-01T12:53:35,643,2,41.3,59531,239.4,4.4,170,defeat_enemy
2025-01-01T12:53:40,644,2,6.0,59531,235.2,4.9,170,take_damage
2025-01-01T12:53:45,645,2,26.0,59581,230.4,4.7,170,collect_item
2025-01-01T12:53:50,646,1,100.0,59581,254.7,4.6,170,die
2025-01-01T12:53:55,647,1,100.0,59581,249.2,4.7,170,jump
2025-01-01T12:54:00,648,1,100.0,59581,246.4,4.5,170,jump
2025-01-01T12:54:05,649,1,77.5,59581,240.9,4.0,170,take_damage
2025-01-01T12:54:10,650,1,100.0,60581,300.0,4.0,170,checkpoint
2025-01-01T12:54:15,651,1,100.0,60803,296.6,3.7,171,defeat_enemy
2025-01-01T12:54:20,652,1,100.0,61112,294.2,4.6,172,defeat_enemy
2025-01-01T12:54:25,653,1,100.0,61162,289.8,4.5,172,collect_item
2025-01-01T12:54:30,654,1,100.0,61162,285.4,4.0,172,jump
2025-01-01T12:54:35,655,1,100.0,61162,282.2,3.4,172,jump
2025-01-01T12:54:40,656,1,100.0,61162,278.8,3.9,172,run
2025-01-01T12:54:45,657,1,100.0,61212,274.5,4.2,172,collect_item
2025-01-01T12:54:50,658,1,100.0,61413,269.3,4.0,173,defeat_enemy
2025-01-01T12:54:55,659,1,82.2,61413,264.6,3.8,173,take_damage
2025-01-01T12:55:00,660,1,82.2,61413,261.0,4.1,173,dodge
2025-01-01T12:55:05,661,1,82.2,61413,256.9,4.1,173,jump
2025-01-01T12:55:10,662,1,82.2,61413,253.8,3.9,173,jump
2025-01-01T12:55:15,663,1,82.2,61413,251.0,4.0,173,jump
2025-01-01T12:55:20,664,1,82.2,61413,247.5,4.4,173,dodge
2025-01-01T12:55:25,665,1,82.2,61463,241.5,4.0,173,collect_item
2025-01-01T12:55:30,666,1,82.2,61463,236.2,3.4,173,jump
2025-01-01T12:55:35,667,1,82.2,61463,231.9,2.8,173,run
2025-01-01T12:55:40,668,1,82.2,61513,229.5,2.9,173,collect_item
2025-01-01T12:55:45,669,1,82.2,61788,226.3,2.7,174,defeat_enemy
2025-01-01T12:55:50,670,1,82.2,61838,223.4,2.9,174,collect_item
2025-01-01T12:55:55,671,1,82.2,62278,219.3,2.8,175,defeat_enemy
2025-01-01T12:56:00,672,1,66.4,62278,215.9,2.3,175,take_damage
2025-01-01T12:56:05,673,1,66.4,62614,212.7,1.8,176,defeat_enemy
2025-01-01T12:56:10,674,1,66.4,62725,210.4,2.0,177,defeat_enemy
2025-01-01T12:56:15,675,1,66.4,62725,208.1,2.0,177,jump
2025-01-01T12:56:20,676,1,66.4,62950,205.4,2.7,178,defeat_enemy
2025-01-01T12:56:25,677,1,66.4,62950,202.2,3.1,178,run
2025-01-01T12:56:30,678,1,66.4,62950,199.8,4.1,178,jump
2025-01-01T12:56:35,679,1,66.4,63320,195.2,3.5,179,defeat_enemy
2025-01-01T12:56:40,680,1,66.4,63370,192.0,3.7,179,collect_item
2025-01-01T12:56:45,681,1,66.4,63370,189.4,2.9,179,dodge
2025-01-01T12:56:50,682,1,66.4,63690,185.9,2.8,180,defeat_enemy
2025-01-01T12:56:55,683,1,66.4,63740,183.4,3.2,180,collect_item
2025-01-01T12:57:00,684,1,34.1,63740,179.9,3.7,180,take_damage
2025-01-01T12:57:05,685,1,34.1,64059,177.7,3.8,181,defeat_enemy
2025-01-01T12:57:10,686,1,34.1,64059,172.9,3.9,181,run
2025-01-01T12:57:15,687,1,34.1,64059,168.5,2.4,181,jump
2025-01-01T12:57:20,688,1,34.1,64059,166.7,1.9,181,run
2025-01-01T12:57:25,689,1,19.2,64059,164.8,2.4,181,take_damage
2025-01-01T12:57:30,690,1,19.2,64059,162.7,2.0,181,jump
2025-01-01T12:57:35,691,1,19.2,64059,160.0,1.6,181,jump
2025-01-01T12:57:40,692,1,19.2,64059,158.9,1.8,181,dodge
2025-01-01T12:57:45,693,1,19.2,64529,156.8,2.0,182,defeat_enemy
2025-01-01T12:57:50,694,1,19.2,64529,154.3,1.5,182,dodge
2025-01-01T12:57:55,695,3,100.0,64029,300.0,1.5,182,die
2025-01-01T12:58:00,696,3,100.0,64029,298.6,1.6,182,dodge
2025-01-01T12:58:05,697,3,100.0,64369,296.7,2.0,183,defeat_enemy
2025-01-01T12:58:10,698,3,100.0,64369,294.0,2.4,183,jump
2025-01-01T12:58:15,699,3,100.0,64790,291.8,3.2,184,defeat_enemy
2025-01-01T12:58:20,700,3,100.0,64790,289.5,2.9,184,jump
2025-01-01T12:58:25,701,3,100.0,64790,286.1,2.9,184,jump
2025-01-01T12:58:30,702,3,100.0,64790,282.9,3.4,184,dodge
2025-01-01T12:58:35,703,3,100.0,64790,279.5,4.3,184,jump
2025-01-01T12:58:40,704,3,100.0,64790,275.7,3.9,184,run
2025-01-01T12:58:45,705,3,100.0,64790,272.5,4.3,184,dodge
2025-01-01T12:58:50,706,3,61.0,64790,268.6,4.7,184,take_damage
2025-01-01T12:58:55,707,3,61.0,65203,263.2,4.8,185,defeat_enemy
2025-01-01T12:59:00,708,3,28.6,65203,259.5,4.4,185,take_damage
2025-01-01T12:59:05,709,3,1.9,65203,254.9,4.5,185,take_damage
2025-01-01T12:59:10,710,3,1.9,65253,250.4,4.9,185,collect_item
2025-01-01T12:59:15,711,3,1.9,65253,245.9,4.2,185,dodge
2025-01-01T12:59:20,712,3,1.9,65253,243.3,4.4,185,run
2025-01-01T12:59:25,713,3,1.9,65253,238.2,5.3,185,run
2025-01-01T12:59:30,714,2,100.0,65253,264.2,5.1,185,die
2025-01-01T12:59:35,715,2,100.0,66253,300.0,5.1,185,checkpoint
2025-01-01T12:59:40,716,2,100.0,66464,293.9,4.8,186,defeat_enemy
2025-01-01T12:59:45,717,2,100.0,66938,290.0,5.4,187,defeat_enemy
2025-01-01T12:59:50,718,2,100.0,66938,286.6,6.1,187,run
2025-01-01T12:59:55,719,2,100.0,66938,279.9,6.0,187,jump
