timestamp,frame,hp,mp,gold,level,exp,enemy_strength,action
2025-01-01T12:00:00,0,95.9,50.0,214.0,1,8.0,39.3,attack
2025-01-01T12:00:05,1,95.9,50.0,221.0,1,16.0,35.9,attack
2025-01-01T12:00:10,2,95.9,50.0,221.0,1,16.0,42.3,explore
2025-01-01T12:00:15,3,89.5,50.0,232.0,1,28.0,45.0,attack
2025-01-01T12:00:20,4,88.5,50.0,244.0,1,38.0,34.6,attack
2025-01-01T12:00:25,5,88.5,50.0,244.0,1,38.0,41.4,explore
2025-01-01T12:00:30,6,84.9,50.0,261.0,1,47.0,47.9,attack
2025-01-01T12:00:35,7,81.3,50.0,276.0,1,56.0,36.9,attack
2025-01-01T12:00:40,8,81.3,50.0,276.0,1,56.0,40.1,explore
2025-01-01T12:00:45,9,75.0,50.0,293.0,1,69.0,48.6,attack
2025-01-01T12:00:50,10,70.3,50.0,305.0,1,77.0,49.3,attack
2025-01-01T12:00:55,11,70.3,50.0,305.0,1,77.0,49.7,explore
2025-01-01T12:01:00,12,65.7,50.0,316.0,1,86.0,43.9,attack
2025-01-01T12:01:05,13,100.0,50.0,329.0,2,110.0,54.2,level_up
2025-01-01T12:01:10,14,100.0,50.0,329.0,2,110.0,37.2,explore
2025-01-01T12:01:15,15,94.9,50.0,345.0,2,124.0,44.6,attack
2025-01-01T12:01:20,16,88.0,50.0,357.0,2,134.0,49.4,attack
2025-01-01T12:01:25,17,88.0,50.0,357.0,2,134.0,59.4,explore
2025-01-01T12:01:30,18,79.6,50.0,371.0,2,150.0,47.5,attack
2025-01-01T12:01:35,19,74.3,44.2,395.0,2,171.0,50.6,magic_attack
2025-01-01T12:01:40,20,74.3,44.8,395.0,2,171.0,48.7,explore
2025-01-01T12:01:45,21,71.7,39.7,417.0,2,190.0,58.1,magic_attack
2025-01-01T12:01:50,22,70.3,33.5,437.0,2,217.0,54.0,magic_attack
2025-01-01T12:01:55,23,70.3,33.9,437.0,2,217.0,63.0,explore
2025-01-01T12:02:00,24,64.5,27.3,461.0,2,238.0,61.7,magic_attack
2025-01-01T12:02:05,25,100.0,50.0,477.0,3,266.0,58.4,level_up
2025-01-01T12:02:10,26,100.0,50.0,477.0,3,266.0,51.7,explore
2025-01-01T12:02:15,27,97.0,43.1,493.0,3,293.0,64.0,magic_attack
2025-01-01T12:02:20,28,92.4,36.5,510.0,3,310.0,56.4,magic_attack
2025-01-01T12:02:25,29,92.4,37.0,510.0,3,310.0,67.9,explore
2025-01-01T12:02:30,30,89.9,29.4,523.0,3,339.0,59.1,magic_attack
2025-01-01T12:02:35,31,84.1,22.1,542.0,3,357.0,55.7,magic_attack
2025-01-01T12:02:40,32,84.1,22.6,542.0,3,357.0,54.3,explore
2025-01-01T12:02:45,33,78.6,15.4,558.0,3,376.0,55.5,magic_attack
2025-01-01T12:02:50,34,74.2,8.8,576.0,3,398.0,66.4,magic_attack
2025-01-01T12:02:55,35,74.2,9.6,576.0,3,398.0,56.1,explore
2025-01-01T12:03:00,36,68.6,3.9,604.0,3,427.0,60.5,magic_attack
2025-01-01T12:03:05,37,68.6,27.0,604.0,3,427.0,64.0,use_ether
2025-01-01T12:03:10,38,68.6,27.3,604.0,3,427.0,69.8,explore
2025-01-01T12:03:15,39,61.9,21.0,624.0,3,450.0,59.2,magic_attack
2025-01-01T12:03:20,40,57.1,15.7,643.0,3,474.0,64.3,magic_attack
2025-01-01T12:03:25,41,57.1,16.3,643.0,3,474.0,49.9,explore
2025-01-01T12:03:30,42,52.6,8.6,671.0,3,497.0,60.2,magic_attack
2025-01-01T12:03:35,43,100.0,50.0,703.0,4,531.0,67.3,level_up
2025-01-01T12:03:40,44,100.0,50.0,703.0,4,531.0,70.0,explore
2025-01-01T12:03:45,45,96.5,43.9,721.0,4,561.0,62.1,magic_attack
2025-01-01T12:03:50,46,90.7,36.0,745.0,4,594.0,66.0,magic_attack
2025-01-01T12:03:55,47,90.7,36.5,745.0,4,594.0,66.9,explore
2025-01-01T12:04:00,48,84.7,29.2,769.0,4,614.0,63.1,magic_attack
2025-01-01T12:04:05,49,78.7,21.3,785.0,4,634.0,63.4,magic_attack
2025-01-01T12:04:10,50,78.7,21.6,785.0,4,634.0,64.5,explore
2025-01-01T12:04:15,51,74.4,14.8,805.0,4,661.0,63.1,magic_attack
2025-01-01T12:04:20,52,71.5,9.2,823.0,4,690.0,65.3,magic_attack
2025-01-01T12:04:25,53,71.5,9.5,823.0,4,690.0,66.5,explore
2025-01-01T12:04:30,54,67.0,3.1,859.0,4,726.0,73.1,magic_attack
2025-01-01T12:04:35,55,60.9,3.1,885.0,4,748.0,67.0,attack
2025-01-01T12:04:40,56,60.9,3.5,885.0,4,748.0,73.2,explore
2025-01-01T12:04:45,57,53.4,3.5,911.0,4,759.0,71.9,attack
2025-01-01T12:04:50,58,53.4,19.5,911.0,4,759.0,60.7,use_ether
2025-01-01T12:04:55,59,65.9,20.0,911.0,4,759.0,72.4,rest
2025-01-01T12:05:00,60,62.0,13.6,941.0,4,791.0,66.1,magic_attack
2025-01-01T12:05:05,61,100.0,50.0,968.0,5,822.0,68.4,level_up
2025-01-01T12:05:10,62,100.0,50.0,968.0,5,822.0,73.6,explore
2025-01-01T12:05:15,63,94.3,42.4,997.0,5,861.0,80.3,magic_attack
2025-01-01T12:05:20,64,87.5,37.0,1031.0,5,887.0,72.6,magic_attack
2025-01-01T12:05:25,65,87.5,37.6,1031.0,5,887.0,71.4,explore
2025-01-01T12:05:30,66,82.4,30.2,1051.0,5,917.0,63.7,magic_attack
2025-01-01T12:05:35,67,74.1,22.6,1085.0,5,955.0,75.8,magic_attack
2025-01-01T12:05:40,68,74.1,23.2,1085.0,5,955.0,83.4,explore
2025-01-01T12:05:45,69,67.6,15.6,1106.0,5,989.0,73.4,magic_attack
2025-01-01T12:05:50,70,57.8,8.0,1137.0,5,1013.0,70.7,magic_attack
2025-01-01T12:05:55,71,73.2,8.3,1137.0,5,1013.0,81.2,rest
2025-01-01T12:06:00,72,67.8,0.8,1159.0,5,1052.0,78.4,magic_attack
2025-01-01T12:06:05,73,55.4,0.8,1175.0,5,1076.0,72.2,attack
2025-01-01T12:06:10,74,72.1,1.2,1175.0,5,1076.0,78.8,rest
2025-01-01T12:06:15,75,60.0,1.2,1200.0,5,1094.0,79.4,attack
2025-01-01T12:06:20,76,52.1,1.2,1229.0,5,1115.0,82.6,attack
2025-01-01T12:06:25,77,64.1,1.7,1229.0,5,1115.0,76.3,rest
2025-01-01T12:06:30,78,56.3,1.7,1248.0,5,1137.0,74.5,attack
2025-01-01T12:06:35,79,56.3,23.2,1248.0,5,1137.0,75.2,use_ether
2025-01-01T12:06:40,80,56.3,24.0,1248.0,5,1137.0,81.1,explore
2025-01-01T12:06:45,81,51.1,18.1,1276.0,5,1166.0,74.8,magic_attack
2025-01-01T12:06:50,82,45.2,12.4,1313.0,5,1197.0,77.8,magic_attack
2025-01-01T12:06:55,83,45.2,13.0,1113.0,5,1197.0,79.2,buy_equipment
2025-01-01T12:07:00,84,100.0,50.0,1143.0,6,1231.0,75.3,level_up
2025-01-01T12:07:05,85,94.9,44.3,1177.0,6,1261.0,75.1,magic_attack
2025-01-01T12:07:10,86,94.9,45.0,1177.0,6,1261.0,79.7,explore
2025-01-01T12:07:15,87,90.7,39.2,1194.0,6,1296.0,81.2,magic_attack
2025-01-01T12:07:20,88,83.0,32.9,1229.0,6,1320.0,73.6,magic_attack
2025-01-01T12:07:25,89,83.0,33.4,1229.0,6,1320.0,76.9,explore
2025-01-01T12:07:30,90,76.2,26.4,1259.0,6,1360.0,79.3,magic_attack
2025-01-01T12:07:35,91,66.4,19.2,1296.0,6,1393.0,82.0,magic_attack
2025-01-01T12:07:40,92,66.4,19.3,1296.0,6,1393.0,75.4,explore
2025-01-01T12:07:45,93,59.9,12.4,1324.0,6,1427.0,76.8,magic_attack
2025-01-01T12:07:50,94,52.3,6.5,1348.0,6,1457.0,83.8,magic_attack
2025-01-01T12:07:55,95,52.3,6.9,1348.0,6,1457.0,82.2,explore
2025-01-01T12:08:00,96,37.8,6.9,1368.0,6,1476.0,79.6,attack
2025-01-01T12:08:05,97,24.7,6.9,1397.0,6,1502.0,82.4,attack
2025-01-01T12:08:10,98,24.7,7.4,1397.0,6,1502.0,76.8,explore
2025-01-01T12:08:15,99,63.8,7.4,1367.0,6,1502.0,81.0,use_potion
2025-01-01T12:08:20,100,63.8,27.8,1367.0,6,1502.0,80.7,use_ether
2025-01-01T12:08:25,101,63.8,28.5,1367.0,6,1502.0,86.1,explore
2025-01-01T12:08:30,102,56.8,23.1,1384.0,6,1537.0,81.7,magic_attack
2025-01-01T12:08:35,103,50.9,16.2,1413.0,6,1565.0,85.8,magic_attack
2025-01-01T12:08:40,104,50.9,16.9,1413.0,6,1565.0,80.6,explore
2025-01-01T12:08:45,105,44.0,9.4,1431.0,6,1594.0,82.6,magic_attack
2025-01-01T12:08:50,106,44.0,3.3,1469.0,6,1631.0,86.9,magic_attack
2025-01-01T12:08:55,107,56.3,3.6,1469.0,6,1631.0,75.9,rest
2025-01-01T12:09:00,108,48.3,3.6,1490.0,6,1653.0,84.1,attack
2025-01-01T12:09:05,109,42.8,3.6,1507.0,6,1677.0,78.6,attack
2025-01-01T12:09:10,110,42.8,3.7,1307.0,6,1677.0,86.7,buy_equipment
2025-01-01T12:09:15,111,28.9,3.7,1337.0,6,1696.0,85.6,attack
2025-01-01T12:09:20,112,73.1,3.7,1307.0,6,1696.0,88.1,use_potion
2025-01-01T12:09:25,113,73.1,4.3,1107.0,6,1696.0,86.4,buy_equipment
2025-01-01T12:09:30,114,55.8,4.3,1129.0,6,1713.0,75.8,attack
2025-01-01T12:09:35,115,55.8,21.3,1129.0,6,1713.0,76.7,use_ether
2025-01-01T12:09:40,116,55.8,21.7,1129.0,6,1713.0,88.1,explore
2025-01-01T12:09:45,117,46.1,15.9,1156.0,6,1747.0,73.7,magic_attack
2025-01-01T12:09:50,118,38.2,10.1,1190.0,6,1783.0,75.8,magic_attack
2025-01-01T12:09:55,119,38.2,10.8,1190.0,6,1783.0,89.9,explore
2025-01-01T12:10:00,120,100.0,50.0,1210.0,7,1809.0,77.3,level_up
2025-01-01T12:10:05,121,92.6,42.9,1227.0,7,1838.0,82.3,magic_attack
2025-01-01T12:10:10,122,92.6,43.4,1227.0,7,1838.0,82.9,explore
2025-01-01T12:10:15,123,84.9,36.4,1259.0,7,1867.0,72.4,magic_attack
2025-01-01T12:10:20,124,76.4,30.5,1287.0,7,1902.0,83.6,magic_attack
2025-01-01T12:10:25,125,76.4,31.0,1287.0,7,1902.0,75.4,explore
2025-01-01T12:10:30,126,69.9,25.2,1307.0,7,1927.0,76.7,magic_attack
2025-01-01T12:10:35,127,60.3,19.7,1337.0,7,1956.0,84.9,magic_attack
2025-01-01T12:10:40,128,60.3,19.6,1337.0,7,1956.0,78.1,explore
2025-01-01T12:10:45,129,55.0,13.9,1353.0,7,1983.0,79.6,magic_attack
2025-01-01T12:10:50,130,45.1,7.3,1371.0,7,2016.0,76.1,magic_attack
2025-01-01T12:10:55,131,45.1,7.6,1371.0,7,2016.0,83.8,explore
2025-01-01T12:11:00,132,45.1,29.7,1371.0,7,2016.0,74.4,use_ether
2025-01-01T12:11:05,133,37.4,22.8,1390.0,7,2040.0,77.4,magic_attack
2025-01-01T12:11:10,134,51.7,23.2,1390.0,7,2040.0,80.5,rest
2025-01-01T12:11:15,135,45.5,17.5,1417.0,7,2072.0,79.8,magic_attack
2025-01-01T12:11:20,136,35.5,11.6,1443.0,7,2102.0,69.7,magic_attack
2025-01-01T12:11:25,137,49.8,11.6,1443.0,7,2102.0,78.0,rest
2025-01-01T12:11:30,138,44.9,5.3,1465.0,7,2134.0,76.1,magic_attack
2025-01-01T12:11:35,139,38.2,5.3,1495.0,7,2157.0,78.6,attack
2025-01-01T12:11:40,140,38.2,5.8,1495.0,7,2157.0,70.7,explore
2025-01-01T12:11:45,141,31.1,5.8,1511.0,7,2179.0,71.2,attack
2025-01-01T12:11:50,142,24.4,5.8,1528.0,7,2195.0,75.7,attack
2025-01-01T12:11:55,143,24.4,6.2,1528.0,7,2195.0,85.3,explore
2025-01-01T12:12:00,144,64.8,6.2,1498.0,7,2195.0,70.1,use_potion
2025-01-01T12:12:05,145,64.8,29.9,1498.0,7,2195.0,73.0,use_ether
2025-01-01T12:12:10,146,64.8,30.0,1498.0,7,2195.0,74.5,explore
2025-01-01T12:12:15,147,58.1,22.7,1526.0,7,2223.0,70.9,magic_attack
2025-01-01T12:12:20,148,49.1,15.8,1543.0,7,2254.0,77.7,magic_attack
2025-01-01T12:12:25,149,49.1,16.2,1543.0,7,2254.0,82.0,explore
2025-01-01T12:12:30,150,44.4,8.4,1572.0,7,2290.0,79.4,magic_attack
2025-01-01T12:12:35,151,38.5,0.4,1598.0,7,2318.0,71.6,magic_attack
2025-01-01T12:12:40,152,38.5,1.2,1598.0,7,2318.0,79.2,explore
2025-01-01T12:12:45,153,32.5,1.2,1616.0,7,2340.0,74.3,attack
2025-01-01T12:12:50,154,20.2,1.2,1647.0,7,2354.0,80.9,attack
2025-01-01T12:12:55,155,20.2,1.6,1647.0,7,2354.0,71.9,explore
2025-01-01T12:13:00,156,65.3,1.6,1617.0,7,2354.0,71.6,use_potion
2025-01-01T12:13:05,157,58.9,1.6,1644.0,7,2374.0,78.3,attack
2025-01-01T12:13:10,158,58.9,2.1,1644.0,7,2374.0,69.3,explore
2025-01-01T12:13:15,159,47.3,2.1,1672.0,7,2392.0,73.2,attack
2025-01-01T12:13:20,160,34.8,2.1,1695.0,7,2417.0,75.2,attack
2025-01-01T12:13:25,161,34.8,2.5,1695.0,7,2417.0,74.0,explore
2025-01-01T12:13:30,162,27.7,2.5,1719.0,7,2434.0,77.7,attack
2025-01-01T12:13:35,163,69.4,2.5,1689.0,7,2434.0,66.3,use_potion
2025-01-01T12:13:40,164,69.4,2.8,1689.0,7,2434.0,78.4,explore
2025-01-01T12:13:45,165,62.9,2.8,1712.0,7,2450.0,69.2,attack
2025-01-01T12:13:50,166,62.9,22.6,1712.0,7,2450.0,62.7,use_ether
2025-01-01T12:13:55,167,62.9,23.0,1712.0,7,2450.0,63.4,explore
2025-01-01T12:14:00,168,57.9,16.7,1735.0,7,2483.0,73.5,magic_attack
2025-01-01T12:14:05,169,53.3,8.8,1763.0,7,2508.0,67.7,magic_attack
2025-01-01T12:14:10,170,53.3,9.0,1763.0,7,2508.0,63.2,explore
2025-01-01T12:14:15,171,45.3,1.7,1777.0,7,2539.0,65.4,magic_attack
2025-01-01T12:14:20,172,31.2,1.7,1798.0,7,2561.0,74.6,attack
2025-01-01T12:14:25,173,31.2,2.3,1798.0,7,2561.0,73.5,explore
2025-01-01T12:14:30,174,29.7,2.3,1816.0,7,2574.0,63.6,attack
2025-01-01T12:14:35,175,70.2,2.3,1786.0,7,2574.0,70.7,use_potion
2025-01-01T12:14:40,176,70.2,3.2,1786.0,7,2574.0,63.6,explore
2025-01-01T12:14:45,177,62.3,3.2,1804.0,7,2589.0,70.9,attack
2025-01-01T12:14:50,178,100.0,50.0,1822.0,8,2600.0,64.3,level_up
2025-01-01T12:14:55,179,100.0,50.0,1822.0,8,2600.0,55.1,explore
2025-01-01T12:15:00,180,94.4,44.4,1846.0,8,2627.0,70.3,magic_attack
2025-01-01T12:15:05,181,91.7,36.4,1883.0,8,2653.0,74.1,magic_attack
2025-01-01T12:15:10,182,91.7,36.8,1883.0,8,2653.0,61.1,explore
2025-01-01T12:15:15,183,84.8,30.0,1911.0,8,2677.0,60.2,magic_attack
2025-01-01T12:15:20,184,79.2,24.0,1935.0,8,2704.0,61.5,magic_attack
2025-01-01T12:15:25,185,79.2,24.3,1935.0,8,2704.0,56.1,explore
2025-01-01T12:15:30,186,74.5,17.4,1953.0,8,2724.0,55.0,magic_attack
2025-01-01T12:15:35,187,69.1,11.5,1967.0,8,2748.0,54.0,magic_attack
2025-01-01T12:15:40,188,69.1,12.2,1967.0,8,2748.0,59.1,explore
2025-01-01T12:15:45,189,62.4,6.4,1990.0,8,2778.0,65.4,magic_attack
2025-01-01T12:15:50,190,62.4,24.6,1990.0,8,2778.0,55.5,use_ether
2025-01-01T12:15:55,191,62.4,25.0,1990.0,8,2778.0,62.6,explore
2025-01-01T12:16:00,192,56.1,17.1,2010.0,8,2808.0,64.6,magic_attack
2025-01-01T12:16:05,193,51.5,10.8,2033.0,8,2834.0,59.2,magic_attack
2025-01-01T12:16:10,194,66.5,11.1,2033.0,8,2834.0,50.5,rest
2025-01-01T12:16:15,195,61.8,5.4,2060.0,8,2852.0,59.2,magic_attack
2025-01-01T12:16:20,196,61.8,27.4,2060.0,8,2852.0,53.4,use_ether
2025-01-01T12:16:25,197,61.8,27.8,2060.0,8,2852.0,61.1,explore
2025-01-01T12:16:30,198,56.9,21.5,2087.0,8,2881.0,65.2,magic_attack
2025-01-01T12:16:35,199,51.9,16.0,2101.0,8,2904.0,61.1,magic_attack
2025-01-01T12:16:40,200,65.4,16.5,2101.0,8,2904.0,50.6,rest
2025-01-01T12:16:45,201,57.5,9.4,2131.0,8,2928.0,59.2,magic_attack
2025-01-01T12:16:50,202,53.6,4.1,2148.0,8,2953.0,52.9,magic_attack
2025-01-01T12:16:55,203,66.2,4.4,2148.0,8,2953.0,56.2,rest
2025-01-01T12:17:00,204,62.0,4.4,2168.0,8,2962.0,54.6,attack
2025-01-01T12:17:05,205,50.9,4.4,2188.0,8,2972.0,54.2,attack
2025-01-01T12:17:10,206,50.9,4.9,1988.0,8,2972.0,62.7,buy_equipment
2025-01-01T12:17:15,207,44.3,4.9,1999.0,8,2980.0,54.9,attack
2025-01-01T12:17:20,208,44.3,28.1,1999.0,8,2980.0,52.8,use_ether
2025-01-01T12:17:25,209,44.3,28.2,1999.0,8,2980.0,54.0,explore
2025-01-01T12:17:30,210,34.7,28.2,2010.0,8,2997.0,49.5,attack
2025-01-01T12:17:35,211,28.2,21.9,2022.0,8,3024.0,54.1,magic_attack
2025-01-01T12:17:40,212,28.2,22.1,2022.0,8,3024.0,45.4,explore
2025-01-01T12:17:45,213,68.7,22.1,1992.0,8,3024.0,50.1,use_potion
2025-01-01T12:17:50,214,63.1,22.1,2006.0,8,3037.0,47.5,attack
2025-01-01T12:17:55,215,63.1,23.2,2006.0,8,3037.0,41.1,explore
2025-01-01T12:18:00,216,57.7,23.2,2022.0,8,3049.0,41.4,attack
2025-01-01T12:18:05,217,52.6,23.2,2034.0,8,3057.0,42.5,attack
2025-01-01T12:18:10,218,52.6,23.9,2034.0,8,3057.0,47.6,explore
2025-01-01T12:18:15,219,47.9,17.8,2058.0,8,3074.0,50.9,magic_attack
2025-01-01T12:18:20,220,44.6,12.5,2082.0,8,3098.0,54.7,magic_attack
2025-01-01T12:18:25,221,44.6,12.9,2082.0,8,3098.0,39.3,explore
2025-01-01T12:18:30,222,35.2,12.9,2101.0,8,3113.0,48.4,attack
2025-01-01T12:18:35,223,32.1,12.9,2114.0,8,3122.0,42.2,attack
2025-01-01T12:18:40,224,48.1,13.7,2114.0,8,3122.0,45.8,rest
2025-01-01T12:18:45,225,43.1,13.7,2130.0,8,3135.0,39.7,attack
2025-01-01T12:18:50,226,37.7,13.7,2145.0,8,3141.0,39.1,attack
2025-01-01T12:18:55,227,37.7,14.3,2145.0,8,3141.0,38.0,explore
2025-01-01T12:19:00,228,33.2,14.3,2157.0,8,3154.0,38.8,attack
2025-01-01T12:19:05,229,26.4,14.3,2172.0,8,3160.0,42.2,attack
2025-01-01T12:19:10,230,26.4,14.8,2172.0,8,3160.0,46.8,explore
2025-01-01T12:19:15,231,62.6,14.8,2142.0,8,3160.0,45.9,use_potion
2025-01-01T12:19:20,232,58.1,14.8,2156.0,8,3172.0,41.8,attack
2025-01-01T12:19:25,233,58.1,15.6,2156.0,8,3172.0,38.9,explore
2025-01-01T12:19:30,234,50.4,15.6,2165.0,8,3181.0,38.3,attack
2025-01-01T12:19:35,235,45.8,15.6,2176.0,8,3186.0,36.5,attack
2025-01-01T12:19:40,236,61.8,16.1,2176.0,8,3186.0,38.1,rest
2025-01-01T12:19:45,237,53.9,16.1,2187.0,8,3194.0,41.0,attack
2025-01-01T12:19:50,238,51.7,16.1,2195.0,8,3206.0,38.1,attack
2025-01-01T12:19:55,239,51.7,16.6,1995.0,8,3206.0,37.2,buy_equipment
2025-01-01T12:20:00,240,42.2,16.6,2007.0,8,3215.0,35.7,attack
2025-01-01T12:20:05,241,36.9,16.6,2019.0,8,3222.0,31.4,attack
2025-01-01T12:20:10,242,49.4,16.8,2019.0,8,3222.0,36.6,rest
2025-01-01T12:20:15,243,45.3,16.8,2029.0,8,3232.0,37.6,attack
2025-01-01T12:20:20,244,39.8,16.8,2039.0,8,3238.0,33.4,attack
2025-01-01T12:20:25,245,39.8,17.5,2039.0,8,3238.0,39.2,explore
2025-01-01T12:20:30,246,36.8,17.5,2047.0,8,3244.0,32.9,attack
2025-01-01T12:20:35,247,28.5,17.5,2055.0,8,3254.0,36.0,attack
2025-01-01T12:20:40,248,28.5,17.8,2055.0,8,3254.0,34.3,explore
2025-01-01T12:20:45,249,65.7,17.8,2025.0,8,3254.0,22.2,use_potion
2025-01-01T12:20:50,250,59.9,17.8,2033.0,8,3259.0,27.4,attack
2025-01-01T12:20:55,251,59.9,18.2,1833.0,8,3259.0,30.2,buy_equipment
2025-01-01T12:21:00,252,57.6,18.2,1846.0,8,3265.0,35.6,attack
2025-01-01T12:21:05,253,52.5,18.2,1857.0,8,3275.0,36.5,attack
2025-01-01T12:21:10,254,52.5,18.5,1857.0,8,3275.0,23.7,explore
2025-01-01T12:21:15,255,46.7,18.5,1867.0,8,3281.0,32.2,attack
2025-01-01T12:21:20,256,42.3,18.5,1873.0,8,3289.0,23.6,attack
2025-01-01T12:21:25,257,54.9,18.9,1873.0,8,3289.0,30.8,rest
2025-01-01T12:21:30,258,49.5,18.9,1880.0,8,3294.0,24.6,attack
2025-01-01T12:21:35,259,44.7,18.9,1890.0,8,3301.0,28.2,attack
2025-01-01T12:21:40,260,44.7,19.4,1690.0,8,3301.0,27.8,buy_equipment
2025-01-01T12:21:45,261,42.1,19.4,1700.0,8,3309.0,26.7,attack
2025-01-01T12:21:50,262,39.1,19.4,1708.0,8,3314.0,31.3,attack
2025-01-01T12:21:55,263,39.1,19.8,1708.0,8,3314.0,35.4,explore
2025-01-01T12:22:00,264,36.4,19.8,1720.0,8,3324.0,31.5,attack
2025-01-01T12:22:05,265,34.4,19.8,1727.0,8,3331.0,22.7,attack
2025-01-01T12:22:10,266,34.4,20.1,1727.0,8,3331.0,23.7,explore
2025-01-01T12:22:15,267,27.1,20.1,1734.0,8,3338.0,28.0,attack
2025-01-01T12:22:20,268,71.2,20.1,1704.0,8,3338.0,27.5,use_potion
2025-01-01T12:22:25,269,71.2,20.8,1504.0,8,3338.0,31.0,buy_equipment
2025-01-01T12:22:30,270,67.7,20.8,1508.0,8,3341.0,16.7,attack
2025-01-01T12:22:35,271,62.3,20.8,1514.0,8,3345.0,22.7,attack
2025-01-01T12:22:40,272,62.3,21.1,1514.0,8,3345.0,16.0,explore
2025-01-01T12:22:45,273,60.8,21.1,1523.0,8,3352.0,28.8,attack
2025-01-01T12:22:50,274,57.3,21.1,1532.0,8,3363.0,32.6,attack
2025-01-01T12:22:55,275,70.5,22.1,1532.0,8,3363.0,19.0,rest
2025-01-01T12:23:00,276,63.2,22.1,1539.0,8,3369.0,19.5,attack
2025-01-01T12:23:05,277,56.9,22.1,1547.0,8,3377.0,26.2,attack
2025-01-01T12:23:10,278,72.0,22.9,1547.0,8,3377.0,31.2,rest
2025-01-01T12:23:15,279,67.1,22.9,1552.0,8,3384.0,19.3,attack
2025-01-01T12:23:20,280,63.8,22.9,1560.0,8,3388.0,27.3,attack
2025-01-01T12:23:25,281,63.8,23.4,1560.0,8,3388.0,23.7,explore
2025-01-01T12:23:30,282,58.8,23.4,1574.0,8,3399.0,38.6,attack
2025-01-01T12:23:35,283,57.0,23.4,1578.0,8,3404.0,18.3,attack
2025-01-01T12:23:40,284,57.0,23.9,1378.0,8,3404.0,31.3,buy_equipment
2025-01-01T12:23:45,285,53.7,23.9,1384.0,8,3409.0,16.7,attack
2025-01-01T12:23:50,286,49.8,23.9,1390.0,8,3415.0,31.2,attack
2025-01-01T12:23:55,287,66.5,24.0,1390.0,8,3415.0,24.2,rest
2025-01-01T12:24:00,288,66.5,24.0,1397.0,8,3422.0,26.9,attack
2025-01-01T12:24:05,289,60.0,24.0,1404.0,8,3427.0,24.5,attack
2025-01-01T12:24:10,290,60.0,24.5,1404.0,8,3427.0,19.9,explore
2025-01-01T12:24:15,291,55.2,24.5,1412.0,8,3436.0,26.4,attack
2025-01-01T12:24:20,292,50.0,24.5,1416.0,8,3442.0,16.4,attack
2025-01-01T12:24:25,293,50.0,25.0,1416.0,8,3442.0,29.3,explore
2025-01-01T12:24:30,294,48.0,25.0,1419.0,8,3445.0,14.5,attack
2025-01-01T12:24:35,295,47.4,25.0,1423.0,8,3448.0,11.5,attack
2025-01-01T12:24:40,296,62.8,25.2,1423.0,8,3448.0,17.8,rest
2025-01-01T12:24:45,297,59.8,25.2,1428.0,8,3451.0,14.6,attack
2025-01-01T12:24:50,298,55.7,25.2,1435.0,8,3455.0,20.9,attack
2025-01-01T12:24:55,299,55.7,25.8,1435.0,8,3455.0,19.4,explore
2025-01-01T12:25:00,300,52.6,25.8,1444.0,8,3463.0,24.1,attack
2025-01-01T12:25:05,301,52.6,25.8,1451.0,8,3469.0,23.1,attack
2025-01-01T12:25:10,302,52.6,26.5,1451.0,8,3469.0,28.4,explore
2025-01-01T12:25:15,303,52.6,26.5,1455.0,8,3473.0,16.8,attack
2025-01-01T12:25:20,304,51.4,26.5,1459.0,8,3477.0,13.9,attack
2025-01-01T12:25:25,305,51.4,27.0,1259.0,8,3477.0,15.8,buy_equipment
2025-01-01T12:25:30,306,51.4,27.0,1265.0,8,3480.0,15.0,attack
2025-01-01T12:25:35,307,46.2,27.0,1277.0,8,3487.0,33.5,attack
2025-01-01T12:25:40,308,46.2,27.2,1077.0,8,3487.0,22.5,buy_equipment
2025-01-01T12:25:45,309,43.8,27.2,1081.0,8,3489.0,10.0,attack
2025-01-01T12:25:50,310,41.5,27.2,1087.0,8,3494.0,17.9,attack
2025-01-01T12:25:55,311,41.5,27.9,1087.0,8,3494.0,23.6,explore
2025-01-01T12:26:00,312,41.5,27.9,1091.0,8,3497.0,17.7,attack
2025-01-01T12:26:05,313,40.5,27.9,1097.0,8,3503.0,23.6,attack
2025-01-01T12:26:10,314,57.7,28.4,1097.0,8,3503.0,19.3,rest
2025-01-01T12:26:15,315,57.2,28.4,1104.0,8,3511.0,24.3,attack
2025-01-01T12:26:20,316,56.3,28.4,1113.0,8,3518.0,23.7,attack
2025-01-01T12:26:25,317,56.3,29.1,913.0,8,3518.0,17.4,buy_equipment
2025-01-01T12:26:30,318,53.0,29.1,916.0,8,3521.0,10.0,attack
2025-01-01T12:26:35,319,52.4,29.1,920.0,8,3523.0,13.7,attack
2025-01-01T12:26:40,320,52.4,29.9,720.0,8,3523.0,25.2,buy_equipment
2025-01-01T12:26:45,321,51.2,29.9,725.0,8,3527.0,15.0,attack
2025-01-01T12:26:50,322,47.6,29.9,732.0,8,3534.0,23.3,attack
2025-01-01T12:26:55,323,47.6,30.0,532.0,8,3534.0,20.8,buy_equipment
2025-01-01T12:27:00,324,46.1,30.0,539.0,8,3542.0,26.9,attack
2025-01-01T12:27:05,325,44.8,30.0,549.0,8,3547.0,26.2,attack
2025-01-01T12:27:10,326,44.8,30.7,349.0,8,3547.0,10.0,buy_equipment
2025-01-01T12:27:15,327,41.3,30.7,357.0,8,3551.0,22.2,attack
2025-01-01T12:27:20,328,32.5,30.7,360.0,8,3556.0,13.5,attack
2025-01-01T12:27:25,329,46.7,31.0,360.0,8,3556.0,16.2,rest
2025-01-01T12:27:30,330,41.3,31.0,369.0,8,3561.0,26.4,attack
2025-01-01T12:27:35,331,41.3,31.0,380.0,8,3569.0,31.1,attack
2025-01-01T12:27:40,332,41.3,31.5,380.0,8,3569.0,14.9,explore
2025-01-01T12:27:45,333,39.3,31.5,387.0,8,3574.0,21.2,attack
2025-01-01T12:27:50,334,36.1,31.5,391.0,8,3578.0,14.2,attack
2025-01-01T12:27:55,335,48.3,32.1,391.0,8,3578.0,18.3,rest
2025-01-01T12:28:00,336,45.2,32.1,397.0,8,3584.0,23.1,attack
2025-01-01T12:28:05,337,43.9,32.1,404.0,8,3590.0,18.3,attack
2025-01-01T12:28:10,338,43.9,32.6,404.0,8,3590.0,24.5,explore
2025-01-01T12:28:15,339,41.4,32.6,408.0,8,3593.0,18.0,attack
2025-01-01T12:28:20,340,100.0,50.0,415.0,9,3600.0,25.7,level_up
2025-01-01T12:28:25,341,100.0,50.0,415.0,9,3600.0,24.4,explore
2025-01-01T12:28:30,342,95.6,50.0,420.0,9,3606.0,19.6,attack
2025-01-01T12:28:35,343,92.8,50.0,427.0,9,3609.0,17.1,attack
2025-01-01T12:28:40,344,92.8,50.0,427.0,9,3609.0,10.1,explore
2025-01-01T12:28:45,345,89.3,50.0,436.0,9,3615.0,24.4,attack
2025-01-01T12:28:50,346,88.7,50.0,442.0,9,3621.0,20.5,attack
2025-01-01T12:28:55,347,88.7,50.0,442.0,9,3621.0,29.9,explore
2025-01-01T12:29:00,348,87.4,50.0,448.0,9,3628.0,24.6,attack
2025-01-01T12:29:05,349,84.8,50.0,454.0,9,3635.0,22.6,attack
2025-01-01T12:29:10,350,84.8,50.0,454.0,9,3635.0,32.3,explore
2025-01-01T12:29:15,351,78.0,50.0,463.0,9,3646.0,35.0,attack
2025-01-01T12:29:20,352,76.9,50.0,473.0,9,3654.0,33.1,attack
2025-01-01T12:29:25,353,76.9,50.0,473.0,9,3654.0,28.2,explore
2025-01-01T12:29:30,354,70.2,50.0,480.0,9,3660.0,23.1,attack
2025-01-01T12:29:35,355,64.5,50.0,488.0,9,3668.0,23.0,attack
2025-01-01T12:29:40,356,64.5,50.0,488.0,9,3668.0,25.1,explore
2025-01-01T12:29:45,357,62.9,50.0,499.0,9,3674.0,29.7,attack
2025-01-01T12:29:50,358,56.1,50.0,507.0,9,3680.0,22.1,attack
2025-01-01T12:29:55,359,56.1,50.0,307.0,9,3680.0,26.3,buy_equipment
2025-01-01T12:30:00,360,50.1,50.0,312.0,9,3685.0,14.9,attack
2025-01-01T12:30:05,361,50.1,50.0,320.0,9,3692.0,27.0,attack
2025-01-01T12:30:10,362,50.1,50.0,320.0,9,3692.0,30.1,explore
2025-01-01T12:30:15,363,47.8,50.0,331.0,9,3699.0,40.8,attack
2025-01-01T12:30:20,364,41.8,50.0,344.0,9,3709.0,33.7,attack
2025-01-01T12:30:25,365,57.7,50.0,344.0,9,3709.0,35.3,rest
2025-01-01T12:30:30,366,54.1,50.0,352.0,9,3716.0,32.6,attack
2025-01-01T12:30:35,367,48.7,50.0,360.0,9,3723.0,25.2,attack
2025-01-01T12:30:40,368,48.7,50.0,360.0,9,3723.0,34.6,explore
2025-01-01T12:30:45,369,45.3,50.0,370.0,9,3728.0,25.1,attack
2025-01-01T12:30:50,370,42.7,50.0,380.0,9,3739.0,37.9,attack
2025-01-01T12:30:55,371,42.7,50.0,380.0,9,3739.0,35.2,explore
2025-01-01T12:31:00,372,37.8,50.0,397.0,9,3749.0,41.8,attack
2025-01-01T12:31:05,373,27.5,50.0,406.0,9,3757.0,37.9,attack
2025-01-01T12:31:10,374,27.5,50.0,406.0,9,3757.0,30.6,explore
2025-01-01T12:31:15,375,67.8,50.0,376.0,9,3757.0,29.1,use_potion
2025-01-01T12:31:20,376,62.7,50.0,384.0,9,3761.0,22.7,attack
2025-01-01T12:31:25,377,62.7,50.0,384.0,9,3761.0,31.2,explore
2025-01-01T12:31:30,378,60.3,50.0,393.0,9,3766.0,31.9,attack
2025-01-01T12:31:35,379,57.3,50.0,404.0,9,3771.0,34.8,attack
2025-01-01T12:31:40,380,57.3,50.0,404.0,9,3771.0,40.3,explore
2025-01-01T12:31:45,381,55.6,50.0,414.0,9,3785.0,40.3,attack
2025-01-01T12:31:50,382,55.6,50.0,423.0,9,3793.0,30.0,attack
2025-01-01T12:31:55,383,55.6,50.0,423.0,9,3793.0,35.1,explore
2025-01-01T12:32:00,384,47.8,50.0,440.0,9,3807.0,42.2,attack
2025-01-01T12:32:05,385,40.6,50.0,453.0,9,3818.0,33.3,attack
2025-01-01T12:32:10,386,40.6,50.0,453.0,9,3818.0,38.9,explore
2025-01-01T12:32:15,387,35.6,42.0,471.0,9,3839.0,50.0,magic_attack
2025-01-01T12:32:20,388,32.5,42.0,481.0,9,3848.0,48.4,attack
2025-01-01T12:32:25,389,48.8,42.7,481.0,9,3848.0,42.7,rest
2025-01-01T12:32:30,390,43.1,42.7,499.0,9,3857.0,47.8,attack
2025-01-01T12:32:35,391,32.9,42.7,511.0,9,3863.0,37.3,attack
2025-01-01T12:32:40,392,48.9,43.3,511.0,9,3863.0,35.9,rest
2025-01-01T12:32:45,393,39.3,43.3,522.0,9,3877.0,41.5,attack
2025-01-01T12:32:50,394,33.7,43.3,531.0,9,3889.0,42.1,attack
2025-01-01T12:32:55,395,33.7,43.9,531.0,9,3889.0,45.9,explore
2025-01-01T12:33:00,396,30.8,43.9,550.0,9,3898.0,49.4,attack
2025-01-01T12:33:05,397,23.6,43.9,560.0,9,3905.0,41.8,attack
2025-01-01T12:33:10,398,23.6,44.1,560.0,9,3905.0,44.1,explore
2025-01-01T12:33:15,399,64.1,44.1,530.0,9,3905.0,38.6,use_potion
2025-01-01T12:33:20,400,56.4,44.1,546.0,9,3917.0,48.9,attack
2025-01-01T12:33:25,401,56.4,44.8,346.0,9,3917.0,44.2,buy_equipment
2025-01-01T12:33:30,402,53.3,44.8,360.0,9,3926.0,49.3,attack
2025-01-01T12:33:35,403,45.4,44.8,370.0,9,3938.0,46.5,attack
2025-01-01T12:33:40,404,45.4,45.0,370.0,9,3938.0,49.5,explore
2025-01-01T12:33:45,405,39.1,45.0,387.0,9,3950.0,47.2,attack
2025-01-01T12:33:50,406,34.2,45.0,402.0,9,3964.0,48.7,attack
2025-01-01T12:33:55,407,49.7,45.6,402.0,9,3964.0,54.4,rest
2025-01-01T12:34:00,408,47.3,37.8,422.0,9,3983.0,61.0,magic_attack
2025-01-01T12:34:05,409,43.6,30.9,447.0,9,4002.0,50.8,magic_attack
2025-01-01T12:34:10,410,43.6,31.7,447.0,9,4002.0,42.9,explore
2025-01-01T12:34:15,411,31.8,31.7,462.0,9,4014.0,45.5,attack
2025-01-01T12:34:20,412,23.4,31.7,479.0,9,4027.0,49.5,attack
2025-01-01T12:34:25,413,37.5,32.2,479.0,9,4027.0,51.9,rest
2025-01-01T12:34:30,414,35.7,26.5,496.0,9,4049.0,59.5,magic_attack
2025-01-01T12:34:35,415,30.1,19.0,518.0,9,4068.0,51.0,magic_attack
2025-01-01T12:34:40,416,44.9,19.6,518.0,9,4068.0,51.0,rest
2025-01-01T12:34:45,417,38.6,14.4,537.0,9,4096.0,60.5,magic_attack
2025-01-01T12:34:50,418,32.2,9.2,553.0,9,4117.0,54.8,magic_attack
2025-01-01T12:34:55,419,32.2,9.4,553.0,9,4117.0,58.2,explore
2025-01-01T12:35:00,420,28.9,4.0,567.0,9,4141.0,53.4,magic_attack
2025-01-01T12:35:05,421,73.7,4.0,537.0,9,4141.0,55.5,use_potion
2025-01-01T12:35:10,422,73.7,4.4,537.0,9,4141.0,49.0,explore
2025-01-01T12:35:15,423,60.4,4.4,552.0,9,4152.0,53.3,attack
2025-01-01T12:35:20,424,57.4,4.4,567.0,9,4170.0,54.9,attack
2025-01-01T12:35:25,425,57.4,4.8,567.0,9,4170.0,64.0,explore
2025-01-01T12:35:30,426,57.4,24.4,567.0,9,4170.0,49.9,use_ether
2025-01-01T12:35:35,427,49.4,16.8,592.0,9,4189.0,61.2,magic_attack
2025-01-01T12:35:40,428,49.4,17.5,592.0,9,4189.0,61.1,explore
2025-01-01T12:35:45,429,44.9,10.3,614.0,9,4215.0,62.4,magic_attack
2025-01-01T12:35:50,430,38.5,5.3,645.0,9,4246.0,63.7,magic_attack
2025-01-01T12:35:55,431,52.4,6.3,645.0,9,4246.0,75.7,rest
2025-01-01T12:36:00,432,43.8,6.3,661.0,9,4261.0,59.6,attack
2025-01-01T12:36:05,433,43.8,26.1,661.0,9,4261.0,59.4,use_ether
2025-01-01T12:36:10,434,43.8,26.6,661.0,9,4261.0,68.3,explore
2025-01-01T12:36:15,435,37.7,20.9,678.0,9,4281.0,59.6,magic_attack
2025-01-01T12:36:20,436,33.7,15.5,700.0,9,4306.0,69.7,magic_attack
2025-01-01T12:36:25,437,33.7,15.8,700.0,9,4306.0,67.1,explore
2025-01-01T12:36:30,438,24.4,8.8,716.0,9,4332.0,64.2,magic_attack
2025-01-01T12:36:35,439,57.8,8.8,686.0,9,4332.0,66.0,use_potion
2025-01-01T12:36:40,440,57.8,9.1,486.0,9,4332.0,66.5,buy_equipment
2025-01-01T12:36:45,441,52.9,2.1,506.0,9,4361.0,64.2,magic_attack
2025-01-01T12:36:50,442,52.9,25.2,506.0,9,4361.0,56.7,use_ether
2025-01-01T12:36:55,443,52.9,25.7,506.0,9,4361.0,62.3,explore
2025-01-01T12:37:00,444,48.4,20.6,519.0,9,4387.0,63.3,magic_attack
2025-01-01T12:37:05,445,41.9,15.6,545.0,9,4416.0,64.1,magic_attack
2025-01-01T12:37:10,446,41.9,15.7,345.0,9,4416.0,72.3,buy_equipment
2025-01-01T12:37:15,447,37.6,9.1,365.0,9,4449.0,71.3,magic_attack
2025-01-01T12:37:20,448,32.0,2.4,383.0,9,4482.0,65.6,magic_attack
2025-01-01T12:37:25,449,32.0,2.6,383.0,9,4482.0,66.0,explore
2025-01-01T12:37:30,450,28.1,2.6,399.0,9,4502.0,75.7,attack
2025-01-01T12:37:35,451,63.3,2.6,369.0,9,4502.0,73.9,use_potion
2025-01-01T12:37:40,452,63.3,2.7,369.0,9,4502.0,74.8,explore
2025-01-01T12:37:45,453,63.3,22.6,369.0,9,4502.0,67.7,use_ether
2025-01-01T12:37:50,454,59.0,17.4,406.0,9,4527.0,79.2,magic_attack
2025-01-01T12:37:55,455,75.6,17.8,406.0,9,4527.0,77.8,rest
2025-01-01T12:38:00,456,69.4,10.7,422.0,9,4554.0,71.1,magic_attack
2025-01-01T12:38:05,457,64.5,4.5,443.0,9,4587.0,69.1,magic_attack
2025-01-01T12:38:10,458,64.5,5.0,443.0,9,4587.0,83.3,explore
2025-01-01T12:38:15,459,50.8,5.0,464.0,9,4598.0,71.5,attack
2025-01-01T12:38:20,460,40.1,5.0,488.0,9,4614.0,68.9,attack
2025-01-01T12:38:25,461,40.1,5.7,488.0,9,4614.0,82.3,explore
2025-01-01T12:38:30,462,33.1,5.7,513.0,9,4636.0,76.3,attack
2025-01-01T12:38:35,463,29.5,5.7,533.0,9,4650.0,85.3,attack
2025-01-01T12:38:40,464,29.5,6.1,533.0,9,4650.0,70.2,explore
2025-01-01T12:38:45,465,69.6,6.1,503.0,9,4650.0,69.8,use_potion
2025-01-01T12:38:50,466,69.6,23.7,503.0,9,4650.0,74.6,use_ether
2025-01-01T12:38:55,467,69.6,24.1,503.0,9,4650.0,79.5,explore
2025-01-01T12:39:00,468,66.7,18.0,528.0,9,4678.0,78.5,magic_attack
2025-01-01T12:39:05,469,60.5,10.0,547.0,9,4710.0,75.7,magic_attack
2025-01-01T12:39:10,470,60.5,10.5,547.0,9,4710.0,72.3,explore
2025-01-01T12:39:15,471,52.8,4.2,565.0,9,4742.0,80.8,magic_attack
2025-01-01T12:39:20,472,44.4,4.2,583.0,9,4757.0,81.3,attack
2025-01-01T12:39:25,473,44.4,4.5,583.0,9,4757.0,86.6,explore
2025-01-01T12:39:30,474,31.0,4.5,619.0,9,4787.0,91.4,attack
2025-01-01T12:39:35,475,31.0,28.9,619.0,9,4787.0,84.3,use_ether
2025-01-01T12:39:40,476,45.2,29.9,619.0,9,4787.0,75.6,rest
2025-01-01T12:39:45,477,37.0,22.4,637.0,9,4815.0,75.5,magic_attack
2025-01-01T12:39:50,478,30.8,15.4,679.0,9,4850.0,86.1,magic_attack
2025-01-01T12:39:55,479,46.5,15.6,679.0,9,4850.0,78.1,rest
2025-01-01T12:40:00,480,40.7,9.4,709.0,9,4882.0,78.6,magic_attack
2025-01-01T12:40:05,481,30.3,2.0,750.0,9,4908.0,82.5,magic_attack
2025-01-01T12:40:10,482,30.3,2.5,750.0,9,4908.0,77.4,explore
2025-01-01T12:40:15,483,18.9,2.5,775.0,9,4934.0,80.5,attack
2025-01-01T12:40:20,484,57.4,2.5,745.0,9,4934.0,81.7,use_potion
2025-01-01T12:40:25,485,57.4,3.0,745.0,9,4934.0,79.4,explore
2025-01-01T12:40:30,486,47.0,3.0,766.0,9,4947.0,82.3,attack
2025-01-01T12:40:35,487,38.1,3.0,785.0,9,4964.0,70.8,attack
2025-01-01T12:40:40,488,38.1,3.5,785.0,9,4964.0,83.3,explore
2025-01-01T12:40:45,489,29.6,3.5,816.0,9,4977.0,77.7,attack
2025-01-01T12:40:50,490,72.7,3.5,786.0,9,4977.0,87.7,use_potion
2025-01-01T12:40:55,491,72.7,4.2,786.0,9,4977.0,86.3,explore
2025-01-01T12:41:00,492,100.0,50.0,803.0,10,5002.0,77.8,level_up
2025-01-01T12:41:05,493,92.9,44.5,827.0,10,5046.0,89.4,magic_attack
2025-01-01T12:41:10,494,92.9,45.1,827.0,10,5046.0,86.7,explore
2025-01-01T12:41:15,495,87.1,39.6,857.0,10,5084.0,89.1,magic_attack
2025-01-01T12:41:20,496,81.3,32.8,895.0,10,5119.0,92.6,magic_attack
2025-01-01T12:41:25,497,81.3,33.6,895.0,10,5119.0,88.3,explore
2025-01-01T12:41:30,498,71.2,28.0,925.0,10,5151.0,88.3,magic_attack
2025-01-01T12:41:35,499,60.9,21.1,957.0,10,5187.0,85.5,magic_attack
2025-01-01T12:41:40,500,60.9,21.5,957.0,10,5187.0,82.5,explore
2025-01-01T12:41:45,501,53.6,15.6,975.0,10,5221.0,79.8,magic_attack
2025-01-01T12:41:50,502,47.2,10.1,1007.0,10,5260.0,88.4,magic_attack
2025-01-01T12:41:55,503,60.1,10.6,1007.0,10,5260.0,84.5,rest
2025-01-01T12:42:00,504,51.1,4.2,1031.0,10,5286.0,81.3,magic_attack
2025-01-01T12:42:05,505,51.1,24.8,1031.0,10,5286.0,87.2,use_ether
2025-01-01T12:42:10,506,51.1,25.6,1031.0,10,5286.0,93.3,explore
2025-01-01T12:42:15,507,44.7,18.1,1048.0,10,5318.0,79.8,magic_attack
2025-01-01T12:42:20,508,38.3,12.2,1072.0,10,5357.0,95.8,magic_attack
2025-01-01T12:42:25,509,38.3,12.8,1072.0,10,5357.0,79.6,explore
2025-01-01T12:42:30,510,29.6,5.3,1112.0,10,5391.0,89.5,magic_attack
2025-01-01T12:42:35,511,71.0,5.3,1082.0,10,5391.0,95.4,use_potion
2025-01-01T12:42:40,512,71.0,6.0,1082.0,10,5391.0,87.6,explore
2025-01-01T12:42:45,513,54.9,6.0,1115.0,10,5410.0,80.5,attack
2025-01-01T12:42:50,514,38.1,6.0,1145.0,10,5429.0,89.3,attack
2025-01-01T12:42:55,515,38.1,6.4,945.0,10,5429.0,97.0,buy_equipment
2025-01-01T12:43:00,516,29.4,6.4,972.0,10,5447.0,85.8,attack
2025-01-01T12:43:05,517,67.0,6.4,942.0,10,5447.0,89.7,use_potion
2025-01-01T12:43:10,518,67.0,7.3,942.0,10,5447.0,87.0,explore
2025-01-01T12:43:15,519,51.1,7.3,976.0,10,5476.0,87.1,attack
2025-01-01T12:43:20,520,51.1,26.4,976.0,10,5476.0,89.8,use_ether
2025-01-01T12:43:25,521,51.1,26.9,976.0,10,5476.0,78.9,explore
2025-01-01T12:43:30,522,46.4,20.0,995.0,10,5515.0,80.5,magic_attack
2025-01-01T12:43:35,523,39.2,13.9,1022.0,10,5559.0,90.8,magic_attack
2025-01-01T12:43:40,524,39.2,14.8,1022.0,10,5559.0,99.5,explore
2025-01-01T12:43:45,525,33.3,9.6,1045.0,10,5595.0,88.1,magic_attack
2025-01-01T12:43:50,526,25.9,2.1,1076.0,10,5626.0,83.9,magic_attack
2025-01-01T12:43:55,527,25.9,2.4,1076.0,10,5626.0,91.7,explore
2025-01-01T12:44:00,528,68.9,2.4,1046.0,10,5626.0,85.5,use_potion
2025-01-01T12:44:05,529,53.3,2.4,1080.0,10,5639.0,85.2,attack
2025-01-01T12:44:10,530,53.3,3.2,880.0,10,5639.0,89.9,buy_equipment
2025-01-01T12:44:15,531,53.3,22.3,880.0,10,5639.0,85.8,use_ether
2025-01-01T12:44:20,532,46.4,16.1,914.0,10,5669.0,84.3,magic_attack
2025-01-01T12:44:25,533,64.3,16.7,914.0,10,5669.0,85.6,rest
2025-01-01T12:44:30,534,58.7,9.6,949.0,10,5694.0,84.6,magic_attack
2025-01-01T12:44:35,535,55.3,4.2,978.0,10,5724.0,93.2,magic_attack
2025-01-01T12:44:40,536,55.3,4.6,978.0,10,5724.0,86.7,explore
2025-01-01T12:44:45,537,55.3,25.7,978.0,10,5724.0,92.5,use_ether
2025-01-01T12:44:50,538,45.6,19.4,1012.0,10,5762.0,86.6,magic_attack
2025-01-01T12:44:55,539,45.6,20.0,1012.0,10,5762.0,87.0,explore
2025-01-01T12:45:00,540,38.9,13.3,1056.0,10,5796.0,90.6,magic_attack
2025-01-01T12:45:05,541,32.2,8.0,1091.0,10,5834.0,91.2,magic_attack
2025-01-01T12:45:10,542,32.2,8.3,1091.0,10,5834.0,89.2,explore
2025-01-01T12:45:15,543,24.0,1.7,1114.0,10,5870.0,80.5,magic_attack
2025-01-01T12:45:20,544,59.5,1.7,1084.0,10,5870.0,91.4,use_potion
2025-01-01T12:45:25,545,59.5,2.2,1084.0,10,5870.0,83.1,explore
2025-01-01T12:45:30,546,44.5,2.2,1111.0,10,5883.0,71.7,attack
2025-01-01T12:45:35,547,30.5,2.2,1139.0,10,5910.0,80.8,attack
2025-01-01T12:45:40,548,48.8,2.7,1139.0,10,5910.0,86.7,rest
2025-01-01T12:45:45,549,40.3,2.7,1158.0,10,5936.0,87.9,attack
2025-01-01T12:45:50,550,29.9,2.7,1178.0,10,5956.0,80.2,attack
2025-01-01T12:45:55,551,29.9,3.3,1178.0,10,5956.0,81.5,explore
2025-01-01T12:46:00,552,68.9,3.3,1148.0,10,5956.0,78.1,use_potion
2025-01-01T12:46:05,553,68.9,25.2,1148.0,10,5956.0,81.1,use_ether
2025-01-01T12:46:10,554,68.9,25.4,1148.0,10,5956.0,86.2,explore
2025-01-01T12:46:15,555,61.0,18.3,1169.0,10,5993.0,85.1,magic_attack
2025-01-01T12:46:20,556,53.6,11.1,1188.0,10,6020.0,80.3,magic_attack
2025-01-01T12:46:25,557,53.6,11.6,1188.0,10,6020.0,81.3,explore
2025-01-01T12:46:30,558,49.0,6.4,1217.0,10,6055.0,78.4,magic_attack
2025-01-01T12:46:35,559,43.6,6.4,1239.0,10,6076.0,78.3,attack
2025-01-01T12:46:40,560,43.6,6.9,1239.0,10,6076.0,83.0,explore
2025-01-01T12:46:45,561,35.8,6.9,1263.0,10,6092.0,83.7,attack
2025-01-01T12:46:50,562,23.3,6.9,1294.0,10,6113.0,81.0,attack
2025-01-01T12:46:55,563,23.3,7.4,1294.0,10,6113.0,90.1,explore
2025-01-01T12:47:00,564,64.4,7.4,1264.0,10,6113.0,75.2,use_potion
2025-01-01T12:47:05,565,64.4,29.3,1264.0,10,6113.0,75.9,use_ether
2025-01-01T12:47:10,566,64.4,29.9,1264.0,10,6113.0,66.4,explore
2025-01-01T12:47:15,567,58.7,23.2,1285.0,10,6137.0,78.8,magic_attack
2025-01-01T12:47:20,568,52.5,16.8,1311.0,10,6169.0,75.3,magic_attack
2025-01-01T12:47:25,569,52.5,17.4,1311.0,10,6169.0,85.2,explore
2025-01-01T12:47:30,570,46.1,11.7,1345.0,10,6196.0,75.0,magic_attack
2025-01-01T12:47:35,571,37.7,4.7,1377.0,10,6233.0,78.1,magic_attack
2025-01-01T12:47:40,572,37.7,5.4,1377.0,10,6233.0,77.4,explore
2025-01-01T12:47:45,573,37.7,25.3,1377.0,10,6233.0,80.8,use_ether
2025-01-01T12:47:50,574,32.3,18.2,1420.0,10,6265.0,86.1,magic_attack
2025-01-01T12:47:55,575,32.3,18.8,1220.0,10,6265.0,78.2,buy_equipment
2025-01-01T12:48:00,576,25.5,12.5,1241.0,10,6303.0,76.7,magic_attack
2025-01-01T12:48:05,577,64.0,12.5,1211.0,10,6303.0,75.2,use_potion
2025-01-01T12:48:10,578,64.0,12.9,1011.0,10,6303.0,67.3,buy_equipment
2025-01-01T12:48:15,579,58.9,7.4,1037.0,10,6329.0,78.2,magic_attack
2025-01-01T12:48:20,580,58.9,26.3,1037.0,10,6329.0,67.7,use_ether
2025-01-01T12:48:25,581,58.9,26.9,837.0,10,6329.0,72.3,buy_equipment
2025-01-01T12:48:30,582,49.0,19.8,872.0,10,6353.0,77.5,magic_attack
2025-01-01T12:48:35,583,44.0,13.8,901.0,10,6382.0,71.8,magic_attack
2025-01-01T12:48:40,584,44.0,14.9,701.0,10,6382.0,71.4,buy_equipment
2025-01-01T12:48:45,585,35.4,9.1,731.0,10,6408.0,67.4,magic_attack
2025-01-01T12:48:50,586,27.5,1.2,763.0,10,6432.0,72.0,magic_attack
2025-01-01T12:48:55,587,27.5,1.9,763.0,10,6432.0,66.1,explore
2025-01-01T12:49:00,588,73.5,1.9,733.0,10,6432.0,70.0,use_potion
2025-01-01T12:49:05,589,60.9,1.9,749.0,10,6448.0,74.3,attack
2025-01-01T12:49:10,590,60.9,2.3,749.0,10,6448.0,77.4,explore
2025-01-01T12:49:15,591,48.8,2.3,766.0,10,6461.0,69.8,attack
2025-01-01T12:49:20,592,48.8,26.3,766.0,10,6461.0,69.4,use_ether
2025-01-01T12:49:25,593,48.8,26.7,766.0,10,6461.0,65.4,explore
2025-01-01T12:49:30,594,44.1,21.3,796.0,10,6483.0,65.9,magic_attack
2025-01-01T12:49:35,595,37.1,13.9,822.0,10,6513.0,60.2,magic_attack
2025-01-01T12:49:40,596,37.1,14.6,822.0,10,6513.0,62.6,explore
2025-01-01T12:49:45,597,33.1,8.7,851.0,10,6534.0,61.2,magic_attack
2025-01-01T12:49:50,598,26.3,2.1,884.0,10,6564.0,65.9,magic_attack
2025-01-01T12:49:55,599,43.1,2.6,884.0,10,6564.0,67.3,rest
2025-01-01T12:50:00,600,36.4,2.6,899.0,10,6581.0,54.3,attack
2025-01-01T12:50:05,601,23.8,2.6,920.0,10,6601.0,64.0,attack
2025-01-01T12:50:10,602,23.8,3.1,920.0,10,6601.0,60.9,explore
2025-01-01T12:50:15,603,63.0,3.1,890.0,10,6601.0,62.4,use_potion
2025-01-01T12:50:20,604,54.5,3.1,906.0,10,6619.0,72.7,attack
2025-01-01T12:50:25,605,70.6,3.7,906.0,10,6619.0,62.3,rest
2025-01-01T12:50:30,606,65.6,3.7,918.0,10,6632.0,59.7,attack
2025-01-01T12:50:35,607,51.7,3.7,938.0,10,6648.0,49.9,attack
2025-01-01T12:50:40,608,70.1,3.9,938.0,10,6648.0,56.0,rest
2025-01-01T12:50:45,609,63.1,3.9,961.0,10,6666.0,58.9,attack
2025-01-01T12:50:50,610,54.3,3.9,982.0,10,6685.0,57.3,attack
2025-01-01T12:50:55,611,54.3,4.7,982.0,10,6685.0,59.7,explore
2025-01-01T12:51:00,612,45.4,4.7,997.0,10,6704.0,57.1,attack
2025-01-01T12:51:05,613,40.8,4.7,1025.0,10,6728.0,70.5,attack
2025-01-01T12:51:10,614,55.8,5.4,1025.0,10,6728.0,58.1,rest
2025-01-01T12:51:15,615,55.8,29.1,1025.0,10,6728.0,52.7,use_ether
2025-01-01T12:51:20,616,49.6,22.7,1040.0,10,6747.0,54.0,magic_attack
2025-01-01T12:51:25,617,49.6,23.3,840.0,10,6747.0,58.8,buy_equipment
2025-01-01T12:51:30,618,44.2,15.4,861.0,10,6775.0,59.6,magic_attack
2025-01-01T12:51:35,619,37.5,15.4,879.0,10,6788.0,49.6,attack
2025-01-01T12:51:40,620,53.5,15.6,879.0,10,6788.0,49.1,rest
2025-01-01T12:51:45,621,45.7,15.6,893.0,10,6797.0,49.6,attack
2025-01-01T12:51:50,622,43.1,10.3,913.0,10,6819.0,51.8,magic_attack
2025-01-01T12:51:55,623,58.2,10.8,913.0,10,6819.0,48.7,rest
2025-01-01T12:52:00,624,55.9,5.2,935.0,10,6837.0,53.5,magic_attack
2025-01-01T12:52:05,625,55.9,25.2,935.0,10,6837.0,49.3,use_ether
2025-01-01T12:52:10,626,55.9,25.4,935.0,10,6837.0,51.7,explore
2025-01-01T12:52:15,627,49.7,25.4,946.0,10,6849.0,45.4,attack
2025-01-01T12:52:20,628,46.7,20.1,962.0,10,6875.0,56.1,magic_attack
2025-01-01T12:52:25,629,63.1,20.4,962.0,10,6875.0,52.1,rest
2025-01-01T12:52:30,630,55.0,20.4,975.0,10,6885.0,44.8,attack
2025-01-01T12:52:35,631,46.8,20.4,985.0,10,6895.0,46.8,attack
2025-01-01T12:52:40,632,46.8,20.7,785.0,10,6895.0,46.8,buy_equipment
2025-01-01T12:52:45,633,35.9,20.7,798.0,10,6906.0,42.7,attack
2025-01-01T12:52:50,634,34.1,14.0,815.0,10,6930.0,50.5,magic_attack
2025-01-01T12:52:55,635,34.1,14.4,615.0,10,6930.0,49.2,buy_equipment
2025-01-01T12:53:00,636,31.6,6.7,636.0,10,6953.0,50.9,magic_attack
2025-01-01T12:53:05,637,31.6,32.0,636.0,10,6953.0,42.0,use_ether
2025-01-01T12:53:10,638,31.6,32.6,636.0,10,6953.0,42.0,explore
2025-01-01T12:53:15,639,22.1,32.6,646.0,10,6966.0,40.3,attack
2025-01-01T12:53:20,640,61.5,32.6,616.0,10,6966.0,42.0,use_potion
2025-01-01T12:53:25,641,61.5,33.2,616.0,10,6966.0,37.7,explore
2025-01-01T12:53:30,642,51.9,33.2,629.0,10,6979.0,40.1,attack
2025-01-01T12:53:35,643,46.7,33.2,640.0,10,6985.0,35.3,attack
2025-01-01T12:53:40,644,46.7,33.2,640.0,10,6985.0,40.5,explore
2025-01-01T12:53:45,645,40.0,33.2,652.0,10,6994.0,42.6,attack
2025-01-01T12:53:50,646,33.0,33.2,661.0,10,7000.0,34.5,attack
2025-01-01T12:53:55,647,49.4,33.9,661.0,10,7000.0,42.4,rest
2025-01-01T12:54:00,648,100.0,50.0,668.0,11,7011.0,34.8,level_up
2025-01-01T12:54:05,649,94.4,50.0,677.0,11,7018.0,25.8,attack
2025-01-01T12:54:10,650,94.4,50.0,477.0,11,7018.0,40.4,buy_equipment
2025-01-01T12:54:15,651,91.0,50.0,489.0,11,7026.0,41.8,attack
2025-01-01T12:54:20,652,86.5,50.0,502.0,11,7038.0,38.7,attack
2025-01-01T12:54:25,653,86.5,50.0,502.0,11,7038.0,38.1,explore
2025-01-01T12:54:30,654,79.6,50.0,508.0,11,7044.0,24.3,attack
2025-01-01T12:54:35,655,72.2,50.0,522.0,11,7051.0,37.5,attack
2025-01-01T12:54:40,656,72.2,50.0,522.0,11,7051.0,32.5,explore
2025-01-01T12:54:45,657,68.0,50.0,531.0,11,7061.0,29.5,attack
2025-01-01T12:54:50,658,61.8,50.0,540.0,11,7067.0,28.4,attack
2025-01-01T12:54:55,659,61.8,50.0,540.0,11,7067.0,32.6,explore
2025-01-01T12:55:00,660,56.0,50.0,553.0,11,7079.0,40.3,attack
2025-01-01T12:55:05,661,53.6,50.0,569.0,11,7090.0,39.8,attack
2025-01-01T12:55:10,662,66.4,50.0,569.0,11,7090.0,32.1,rest
2025-01-01T12:55:15,663,59.2,50.0,575.0,11,7098.0,28.8,attack
2025-01-01T12:55:20,664,54.7,50.0,583.0,11,7104.0,35.3,attack
2025-01-01T12:55:25,665,54.7,50.0,583.0,11,7104.0,30.1,explore
2025-01-01T12:55:30,666,50.3,50.0,590.0,11,7109.0,23.8,attack
2025-01-01T12:55:35,667,49.1,50.0,598.0,11,7113.0,23.5,attack
2025-01-01T12:55:40,668,49.1,50.0,598.0,11,7113.0,22.1,explore
2025-01-01T12:55:45,669,47.9,50.0,607.0,11,7116.0,23.4,attack
2025-01-01T12:55:50,670,47.9,50.0,614.0,11,7122.0,19.9,attack
2025-01-01T12:55:55,671,47.9,50.0,614.0,11,7122.0,24.9,explore
2025-01-01T12:56:00,672,47.8,50.0,624.0,11,7130.0,28.3,attack
2025-01-01T12:56:05,673,46.7,50.0,631.0,11,7135.0,23.5,attack
2025-01-01T12:56:10,674,46.7,50.0,631.0,11,7135.0,23.3,explore
2025-01-01T12:56:15,675,40.7,50.0,640.0,11,7142.0,26.8,attack
2025-01-01T12:56:20,676,39.0,50.0,651.0,11,7151.0,29.6,attack
2025-01-01T12:56:25,677,39.0,50.0,451.0,11,7151.0,25.2,buy_equipment
2025-01-01T12:56:30,678,33.1,50.0,457.0,11,7159.0,25.2,attack
2025-01-01T12:56:35,679,32.1,50.0,464.0,11,7163.0,20.1,attack
2025-01-01T12:56:40,680,32.1,50.0,464.0,11,7163.0,18.6,explore
2025-01-01T12:56:45,681,25.8,50.0,472.0,11,7168.0,20.9,attack
2025-01-01T12:56:50,682,68.5,50.0,442.0,11,7168.0,10.4,use_potion
2025-01-01T12:56:55,683,68.5,50.0,442.0,11,7168.0,16.6,explore
2025-01-01T12:57:00,684,62.4,50.0,446.0,11,7171.0,16.3,attack
2025-01-01T12:57:05,685,62.4,50.0,452.0,11,7177.0,22.8,attack
2025-01-01T12:57:10,686,62.4,50.0,452.0,11,7177.0,14.6,explore
2025-01-01T12:57:15,687,61.0,50.0,454.0,11,7180.0,10.3,attack
2025-01-01T12:57:20,688,58.3,50.0,459.0,11,7185.0,16.1,attack
2025-01-01T12:57:25,689,58.3,50.0,459.0,11,7185.0,15.0,explore
2025-01-01T12:57:30,690,58.3,50.0,462.0,11,7188.0,15.5,attack
2025-01-01T12:57:35,691,56.9,50.0,471.0,11,7193.0,24.7,attack
2025-01-01T12:57:40,692,56.9,50.0,471.0,11,7193.0,17.5,explore
2025-01-01T12:57:45,693,55.8,50.0,477.0,11,7198.0,23.5,attack
2025-01-01T12:57:50,694,50.3,50.0,481.0,11,7200.0,11.9,attack
2025-01-01T12:57:55,695,50.3,50.0,481.0,11,7200.0,23.9,explore
2025-01-01T12:58:00,696,44.1,50.0,483.0,11,7203.0,10.0,attack
2025-01-01T12:58:05,697,38.6,50.0,487.0,11,7207.0,15.1,attack
2025-01-01T12:58:10,698,38.6,50.0,487.0,11,7207.0,11.3,explore
2025-01-01T12:58:15,699,36.2,50.0,489.0,11,7210.0,11.9,attack
2025-01-01T12:58:20,700,33.5,50.0,497.0,11,7213.0,18.4,attack
2025-01-01T12:58:25,701,46.0,50.0,497.0,11,7213.0,20.1,rest
2025-01-01T12:58:30,702,46.0,50.0,500.0,11,7216.0,11.7,attack
2025-01-01T12:58:35,703,40.6,50.0,506.0,11,7220.0,17.8,attack
2025-01-01T12:58:40,704,56.0,50.0,506.0,11,7220.0,11.0,rest
2025-01-01T12:58:45,705,53.4,50.0,509.0,11,7222.0,10.7,attack
2025-01-01T12:58:50,706,51.7,50.0,514.0,11,7224.0,14.2,attack
2025-01-01T12:58:55,707,67.3,50.0,514.0,11,7224.0,18.3,rest
2025-01-01T12:59:00,708,67.1,50.0,520.0,11,7229.0,16.1,attack
2025-01-01T12:59:05,709,67.1,50.0,524.0,11,7232.0,15.6,attack
2025-01-01T12:59:10,710,67.1,50.0,524.0,11,7232.0,11.1,explore
2025-01-01T12:59:15,711,59.3,50.0,527.0,11,7235.0,13.1,attack
2025-01-01T12:59:20,712,57.0,50.0,530.0,11,7238.0,11.7,attack
2025-01-01T12:59:25,713,73.8,50.0,530.0,11,7238.0,10.7,rest
2025-01-01T12:59:30,714,73.8,50.0,534.0,11,7241.0,10.0,attack
2025-01-01T12:59:35,715,72.2,50.0,540.0,11,7245.0,14.6,attack
2025-01-01T12:59:40,716,72.2,50.0,540.0,11,7245.0,10.0,explore
2025-01-01T12:59:45,717,72.2,50.0,545.0,11,7247.0,15.0,attack
2025-01-01T12:59:50,718,69.9,50.0,548.0,11,7249.0,10.0,attack
2025-01-01T12:59:55,719,69.9,50.0,548.0,11,7249.0,10.0,explore
