timestamp,frame,money,visitors,satisfaction,nausea,hunger,ride_intensity
2025-01-01T12:00:00,0,5003.0,51,70.0,7.8,15.5,49.4
2025-01-01T12:00:05,1,5010.0,52,70.6,14.7,16.0,54.3
2025-01-01T12:00:10,2,5021.0,54,70.8,16.4,16.6,48.5
2025-01-01T12:00:15,3,5030.0,55,72.0,17.9,17.4,51.1
2025-01-01T12:00:20,4,5035.0,52,72.5,18.5,17.5,56.1
2025-01-01T12:00:25,5,5038.0,51,71.4,19.9,17.7,46.6
2025-01-01T12:00:30,6,5050.0,54,71.9,24.5,18.1,54.9
2025-01-01T12:00:35,7,5058.0,58,72.1,26.6,18.7,52.7
2025-01-01T12:00:40,8,5069.0,63,72.6,29.9,19.3,59.0
2025-01-01T12:00:45,9,5080.0,66,72.7,26.7,19.5,53.6
2025-01-01T12:00:50,10,5090.0,67,73.2,31.0,19.8,59.7
2025-01-01T12:00:55,11,5111.0,69,73.3,31.2,20.5,55.1
2025-01-01T12:01:00,12,5122.0,71,74.2,31.3,20.9,56.6
2025-01-01T12:01:05,13,5145.0,68,74.0,29.1,21.3,54.6
2025-01-01T12:01:10,14,5150.0,69,75.3,28.5,21.7,68.1
2025-01-01T12:01:15,15,5158.0,75,74.6,29.1,22.2,59.8
2025-01-01T12:01:20,16,5179.0,76,76.0,29.4,22.4,59.2
2025-01-01T12:01:25,17,5192.0,78,74.7,32.7,22.7,66.3
2025-01-01T12:01:30,18,5210.0,80,75.7,32.5,22.8,72.2
2025-01-01T12:01:35,19,5213.0,82,75.4,33.7,23.2,65.3
2025-01-01T12:01:40,20,5230.0,83,75.3,33.8,24.0,59.4
2025-01-01T12:01:45,21,5240.0,84,74.3,32.1,25.1,64.7
2025-01-01T12:01:50,22,5255.0,86,73.7,34.4,25.7,67.7
2025-01-01T12:01:55,23,5274.0,89,75.1,34.9,25.9,64.4
2025-01-01T12:02:00,24,5294.0,88,76.0,36.3,26.2,67.4
2025-01-01T12:02:05,25,5313.0,87,75.3,36.0,26.6,68.2
2025-01-01T12:02:10,26,5323.0,90,74.7,35.8,27.1,70.0
2025-01-01T12:02:15,27,5341.0,94,74.5,36.9,27.7,64.8
2025-01-01T12:02:20,28,5360.0,100,76.1,36.3,28.1,68.1
2025-01-01T12:02:25,29,5384.0,100,76.3,38.5,28.7,72.2
2025-01-01T12:02:30,30,5398.0,100,75.4,41.7,29.2,69.8
2025-01-01T12:02:35,31,5416.0,100,74.8,39.6,30.1,70.5
2025-01-01T12:02:40,32,5440.0,100,73.3,39.3,30.4,76.5
2025-01-01T12:02:45,33,5462.0,100,73.0,41.2,30.7,74.1
2025-01-01T12:02:50,34,5475.0,97,71.9,39.2,31.2,67.9
2025-01-01T12:02:55,35,5499.0,98,70.9,37.5,31.8,72.4
2025-01-01T12:03:00,36,5516.0,100,73.4,38.9,32.2,77.5
2025-01-01T12:03:05,37,5544.0,100,73.8,38.2,32.5,81.5
2025-01-01T12:03:10,38,5559.0,100,73.5,35.1,32.9,65.4
2025-01-01T12:03:15,39,5577.0,100,73.4,35.4,33.3,76.8
2025-01-01T12:03:20,40,5598.0,97,72.2,35.4,33.6,74.7
2025-01-01T12:03:25,41,5606.0,99,71.6,38.7,34.0,79.2
2025-01-01T12:03:30,42,5633.0,100,71.0,38.0,34.4,75.7
2025-01-01T12:03:35,43,5658.0,100,69.9,36.3,34.8,69.1
2025-01-01T12:03:40,44,5680.0,100,69.8,34.3,35.1,79.0
2025-01-01T12:03:45,45,5699.0,100,69.2,35.0,35.4,80.1
2025-01-01T12:03:50,46,5729.0,99,70.0,33.7,35.9,80.5
2025-01-01T12:03:55,47,5756.0,100,69.5,33.3,36.6,82.5
2025-01-01T12:04:00,48,5766.0,100,68.8,38.4,37.1,79.2
2025-01-01T12:04:05,49,5790.0,100,70.1,41.6,37.1,79.5
2025-01-01T12:04:10,50,5811.0,100,70.4,42.0,37.4,83.4
2025-01-01T12:04:15,51,5835.0,100,68.8,43.6,38.0,78.5
2025-01-01T12:04:20,52,5853.0,100,68.4,45.9,38.7,75.0
2025-01-01T12:04:25,53,5873.0,100,67.9,42.0,38.9,77.8
2025-01-01T12:04:30,54,5894.0,100,67.7,46.1,39.2,76.2
2025-01-01T12:04:35,55,5903.0,99,66.1,47.0,39.8,78.8
2025-01-01T12:04:40,56,5924.0,98,66.7,48.2,40.2,78.0
2025-01-01T12:04:45,57,5934.0,100,66.9,46.6,40.8,75.5
2025-01-01T12:04:50,58,5945.0,100,66.1,46.7,41.1,83.9
2025-01-01T12:04:55,59,5960.0,97,65.9,46.6,41.5,80.3
2025-01-01T12:05:00,60,5979.0,97,65.4,47.1,42.2,75.1
2025-01-01T12:05:05,61,6001.0,97,64.4,45.9,42.5,86.6
2025-01-01T12:05:10,62,6022.0,94,63.1,44.5,43.3,78.7
2025-01-01T12:05:15,63,6032.0,92,63.9,44.8,43.5,85.4
2025-01-01T12:05:20,64,6046.0,91,63.6,42.4,43.7,82.4
2025-01-01T12:05:25,65,6062.0,91,61.1,39.5,44.1,75.5
2025-01-01T12:05:30,66,6088.0,92,59.1,43.7,44.5,79.4
2025-01-01T12:05:35,67,6113.0,93,56.9,44.4,44.8,83.6
2025-01-01T12:05:40,68,6128.0,93,56.3,43.6,45.0,74.4
2025-01-01T12:05:45,69,6139.0,93,55.7,40.2,45.3,79.8
2025-01-01T12:05:50,70,6160.0,91,54.1,42.0,45.7,80.0
2025-01-01T12:05:55,71,6178.0,93,53.6,44.4,46.3,81.7
2025-01-01T12:06:00,72,6193.0,95,53.0,45.4,46.9,84.9
2025-01-01T12:06:05,73,6203.0,95,50.9,47.0,47.5,75.9
2025-01-01T12:06:10,74,6213.0,93,50.7,46.4,47.9,83.8
2025-01-01T12:06:15,75,6233.0,93,50.2,40.8,48.4,78.9
2025-01-01T12:06:20,76,6258.0,94,48.8,41.5,48.4,75.8
2025-01-01T12:06:25,77,6277.0,95,48.0,45.5,48.8,83.7
2025-01-01T12:06:30,78,6283.0,93,46.9,43.8,49.1,81.8
2025-01-01T12:06:35,79,6297.0,96,46.0,40.7,49.5,78.7
2025-01-01T12:06:40,80,6303.0,97,44.4,42.3,49.9,73.8
2025-01-01T12:06:45,81,6327.0,93,43.9,41.4,50.0,82.5
2025-01-01T12:06:50,82,6343.0,89,41.7,46.4,50.3,75.7
2025-01-01T12:06:55,83,6365.0,88,41.7,43.0,50.9,80.8
2025-01-01T12:07:00,84,6387.0,87,40.6,43.4,51.2,75.2
2025-01-01T12:07:05,85,6403.0,86,39.9,40.4,51.7,80.1
2025-01-01T12:07:10,86,6415.0,81,38.7,42.1,51.8,68.4
2025-01-01T12:07:15,87,6428.0,77,37.1,45.0,52.5,75.8
2025-01-01T12:07:20,88,6441.0,75,35.8,43.0,52.7,74.2
2025-01-01T12:07:25,89,6461.0,74,35.2,44.2,53.0,77.4
2025-01-01T12:07:30,90,6474.0,72,34.3,43.8,53.5,78.2
2025-01-01T12:07:35,91,6480.0,67,33.1,42.2,54.4,77.8
2025-01-01T12:07:40,92,6490.0,63,32.5,40.3,54.6,75.5
2025-01-01T12:07:45,93,6501.0,60,30.1,42.0,55.1,80.9
2025-01-01T12:07:50,94,6512.0,58,28.4,42.5,55.4,73.5
2025-01-01T12:07:55,95,6524.0,53,27.9,40.5,56.0,65.3
2025-01-01T12:08:00,96,6518.0,50,26.3,41.1,56.2,73.7
2025-01-01T12:08:05,97,6526.0,47,25.4,44.1,56.8,71.1
2025-01-01T12:08:10,98,6528.0,43,24.5,43.3,57.5,66.4
2025-01-01T12:08:15,99,6532.0,42,22.6,40.8,57.7,74.8
2025-01-01T12:08:20,100,6543.0,40,21.7,35.8,58.0,62.7
2025-01-01T12:08:25,101,6536.0,35,21.7,36.5,58.6,64.4
2025-01-01T12:08:30,102,6543.0,31,21.9,37.3,59.1,65.1
2025-01-01T12:08:35,103,6546.0,30,19.3,36.2,59.2,73.5
2025-01-01T12:08:40,104,6548.0,27,17.3,38.5,59.7,72.0
2025-01-01T12:08:45,105,6558.0,22,17.2,35.6,60.2,61.7
2025-01-01T12:08:50,106,6554.0,19,16.0,38.2,61.1,61.2
2025-01-01T12:08:55,107,6553.0,10,15.7,39.1,61.4,62.1
2025-01-01T12:09:00,108,6546.0,10,15.0,39.0,62.0,58.8
2025-01-01T12:09:05,109,6544.0,10,15.1,41.6,62.3,63.6
2025-01-01T12:09:10,110,6544.0,10,15.6,38.3,62.9,59.2
2025-01-01T12:09:15,111,6544.0,10,16.5,35.8,63.6,64.6
2025-01-01T12:09:20,112,6544.0,10,16.8,39.0,63.9,58.9
2025-01-01T12:09:25,113,6539.0,10,17.1,36.8,64.2,51.1
2025-01-01T12:09:30,114,6530.0,10,16.5,36.1,64.8,51.2
2025-01-01T12:09:35,115,6529.0,10,15.9,37.0,65.4,60.9
2025-01-01T12:09:40,116,6528.0,10,15.0,39.4,65.7,59.5
2025-01-01T12:09:45,117,6515.0,10,13.6,33.8,66.3,54.4
2025-01-01T12:09:50,118,6512.0,10,11.8,32.7,66.5,60.3
2025-01-01T12:09:55,119,6517.0,10,10.0,32.2,67.1,48.8
2025-01-01T12:10:00,120,6510.0,10,8.7,35.2,67.1,51.0
2025-01-01T12:10:05,121,6511.0,10,8.7,37.3,67.1,50.9
2025-01-01T12:10:10,122,6515.0,10,8.2,31.8,67.3,64.9
2025-01-01T12:10:15,123,6512.0,10,8.2,33.3,67.7,46.2
2025-01-01T12:10:20,124,6514.0,10,6.7,33.3,68.0,54.3
2025-01-01T12:10:25,125,6516.0,10,6.9,30.7,68.3,48.3
2025-01-01T12:10:30,126,6520.0,10,7.3,30.1,68.5,57.0
2025-01-01T12:10:35,127,6518.0,10,6.8,30.3,69.0,44.1
2025-01-01T12:10:40,128,6519.0,10,5.9,29.0,69.3,45.3
2025-01-01T12:10:45,129,6518.0,10,5.0,27.9,69.6,45.8
2025-01-01T12:10:50,130,6516.0,10,5.0,27.6,70.3,38.1
2025-01-01T12:10:55,131,6512.0,10,5.0,26.6,70.4,41.6
2025-01-01T12:11:00,132,6510.0,10,5.0,24.6,70.9,43.2
2025-01-01T12:11:05,133,6510.0,10,5.7,23.4,71.5,44.5
2025-01-01T12:11:10,134,6503.0,10,6.2,22.6,71.7,45.3
2025-01-01T12:11:15,135,6497.0,10,7.6,25.5,72.5,50.8
2025-01-01T12:11:20,136,6498.0,10,6.7,24.0,73.2,49.4
2025-01-01T12:11:25,137,6498.0,10,5.4,21.3,73.4,38.8
2025-01-01T12:11:30,138,6501.0,10,5.0,22.9,73.6,49.1
2025-01-01T12:11:35,139,6500.0,10,5.0,22.6,74.1,43.0
2025-01-01T12:11:40,140,6494.0,10,5.6,26.6,74.6,46.3
2025-01-01T12:11:45,141,6484.0,10,6.1,28.4,12.8,33.0
2025-01-01T12:11:50,142,6482.0,10,6.8,24.8,13.6,37.8
2025-01-01T12:11:55,143,6486.0,10,6.8,27.3,13.9,32.8
2025-01-01T12:12:00,144,6487.0,10,5.8,24.7,14.3,33.1
2025-01-01T12:12:05,145,6491.0,10,5.8,24.3,14.7,38.1
2025-01-01T12:12:10,146,6494.0,10,7.2,25.0,15.5,32.8
2025-01-01T12:12:15,147,6496.0,10,8.3,25.1,15.9,37.0
2025-01-01T12:12:20,148,6488.0,10,8.6,23.3,16.3,37.6
2025-01-01T12:12:25,149,6491.0,10,8.6,20.8,16.2,34.5
2025-01-01T12:12:30,150,6486.0,10,8.5,18.7,16.7,25.0
2025-01-01T12:12:35,151,6490.0,10,8.7,14.1,17.2,35.8
2025-01-01T12:12:40,152,6485.0,11,8.0,14.3,17.3,32.9
2025-01-01T12:12:45,153,6486.0,10,8.8,18.7,17.8,32.6
2025-01-01T12:12:50,154,6491.0,10,9.0,17.4,18.1,27.7
2025-01-01T12:12:55,155,6493.0,10,8.4,15.3,18.8,32.3
2025-01-01T12:13:00,156,6490.0,10,9.2,19.3,19.3,27.8
2025-01-01T12:13:05,157,6489.0,10,9.7,20.3,19.5,27.5
2025-01-01T12:13:10,158,6491.0,10,9.3,18.1,19.8,18.0
2025-01-01T12:13:15,159,6500.0,10,8.8,18.3,20.2,29.7
2025-01-01T12:13:20,160,6504.0,10,7.8,19.3,20.6,18.3
2025-01-01T12:13:25,161,6509.0,10,9.0,19.4,20.9,24.0
2025-01-01T12:13:30,162,6512.0,10,9.3,17.2,21.3,22.6
2025-01-01T12:13:35,163,6514.0,10,10.0,14.0,21.6,30.0
2025-01-01T12:13:40,164,6510.0,10,11.0,16.2,21.9,26.1
2025-01-01T12:13:45,165,6509.0,10,12.3,13.9,22.5,25.4
2025-01-01T12:13:50,166,6509.0,10,12.2,13.4,22.7,20.5
2025-01-01T12:13:55,167,6512.0,10,12.7,14.1,23.1,26.8
2025-01-01T12:14:00,168,6514.0,10,11.9,14.1,23.7,27.3
2025-01-01T12:14:05,169,6514.0,10,12.1,18.7,24.2,22.6
2025-01-01T12:14:10,170,6521.0,10,12.3,17.6,24.5,19.1
2025-01-01T12:14:15,171,6519.0,10,13.1,19.0,24.9,15.0
2025-01-01T12:14:20,172,6509.0,10,13.8,16.7,25.4,24.6
2025-01-01T12:14:25,173,6513.0,10,14.9,14.3,25.9,21.7
2025-01-01T12:14:30,174,6506.0,10,14.1,11.1,26.3,24.1
2025-01-01T12:14:35,175,6500.0,10,13.3,11.0,26.9,21.9
2025-01-01T12:14:40,176,6501.0,10,13.0,9.4,27.5,15.8
2025-01-01T12:14:45,177,6512.0,10,13.0,8.9,27.8,22.6
2025-01-01T12:14:50,178,6516.0,10,12.2,11.5,28.0,24.7
2025-01-01T12:14:55,179,6518.0,10,12.7,8.6,28.3,12.6
2025-01-01T12:15:00,180,6522.0,10,13.8,13.0,28.5,21.8
2025-01-01T12:15:05,181,6522.0,10,14.2,9.7,28.8,23.2
2025-01-01T12:15:10,182,6529.0,10,15.2,9.1,29.3,24.4
2025-01-01T12:15:15,183,6527.0,10,16.5,9.8,29.4,23.7
2025-01-01T12:15:20,184,6519.0,10,17.1,10.1,30.2,24.8
2025-01-01T12:15:25,185,6524.0,10,17.9,10.0,30.6,14.8
2025-01-01T12:15:30,186,6524.0,10,17.0,9.8,30.9,14.3
2025-01-01T12:15:35,187,6533.0,10,19.0,12.0,31.2,21.9
2025-01-01T12:15:40,188,6529.0,10,19.8,15.1,31.8,23.6
2025-01-01T12:15:45,189,6532.0,10,20.4,16.0,32.4,25.8
2025-01-01T12:15:50,190,6532.0,10,20.8,11.7,32.7,17.8
2025-01-01T12:15:55,191,6535.0,10,21.2,8.2,33.0,26.5
2025-01-01T12:16:00,192,6524.0,10,20.5,14.8,33.2,16.8
2025-01-01T12:16:05,193,6530.0,10,19.2,15.7,33.7,18.4
2025-01-01T12:16:10,194,6530.0,10,20.2,18.4,34.2,16.7
2025-01-01T12:16:15,195,6530.0,10,20.9,17.1,34.8,29.0
2025-01-01T12:16:20,196,6544.0,13,21.3,18.6,35.2,21.3
2025-01-01T12:16:25,197,6548.0,10,20.3,17.3,35.6,22.3
2025-01-01T12:16:30,198,6549.0,10,21.4,17.2,36.0,15.4
2025-01-01T12:16:35,199,6550.0,10,21.0,11.7,36.3,28.6
2025-01-01T12:16:40,200,6551.0,10,21.8,9.9,36.6,22.4
2025-01-01T12:16:45,201,6552.0,10,21.7,8.9,37.2,21.0
2025-01-01T12:16:50,202,6539.0,10,21.5,9.5,37.6,25.8
2025-01-01T12:16:55,203,6541.0,10,21.3,7.3,37.8,21.4
2025-01-01T12:17:00,204,6542.0,10,20.6,10.3,38.1,22.9
2025-01-01T12:17:05,205,6536.0,10,21.0,13.3,38.6,18.9
2025-01-01T12:17:10,206,6537.0,10,19.9,10.3,39.3,24.2
2025-01-01T12:17:15,207,6535.0,10,20.2,11.7,39.9,24.3
2025-01-01T12:17:20,208,6535.0,10,19.7,11.7,40.1,22.7
2025-01-01T12:17:25,209,6542.0,10,21.0,9.2,40.5,25.7
2025-01-01T12:17:30,210,6550.0,10,21.1,5.0,40.5,23.5
2025-01-01T12:17:35,211,6549.0,10,20.2,8.6,40.9,27.2
2025-01-01T12:17:40,212,6539.0,10,20.8,7.3,41.3,30.1
2025-01-01T12:17:45,213,6535.0,10,23.1,8.0,41.7,36.8
2025-01-01T12:17:50,214,6538.0,10,21.4,7.7,42.3,31.3
2025-01-01T12:17:55,215,6534.0,10,20.7,9.6,42.5,26.7
2025-01-01T12:18:00,216,6533.0,10,21.7,8.9,42.7,18.0
2025-01-01T12:18:05,217,6534.0,10,22.6,13.6,42.9,24.9
2025-01-01T12:18:10,218,6542.0,11,23.5,9.3,43.2,30.9
2025-01-01T12:18:15,219,6546.0,10,24.1,7.6,43.5,33.8
2025-01-01T12:18:20,220,6545.0,10,24.4,9.3,43.5,25.9
2025-01-01T12:18:25,221,6552.0,10,23.3,7.2,43.8,20.5
2025-01-01T12:18:30,222,6551.0,10,23.6,11.6,44.0,35.3
2025-01-01T12:18:35,223,6553.0,10,26.6,10.4,44.3,29.4
2025-01-01T12:18:40,224,6560.0,10,26.4,15.6,44.4,29.7
2025-01-01T12:18:45,225,6564.0,10,26.1,14.4,45.0,26.8
2025-01-01T12:18:50,226,6575.0,10,26.5,14.2,45.3,33.0
2025-01-01T12:18:55,227,6574.0,10,26.1,16.6,45.5,29.8
2025-01-01T12:19:00,228,6574.0,10,26.1,15.3,46.0,38.1
2025-01-01T12:19:05,229,6570.0,10,25.3,17.0,46.5,28.8
2025-01-01T12:19:10,230,6568.0,10,24.2,14.3,46.6,30.7
2025-01-01T12:19:15,231,6571.0,10,24.0,17.7,47.1,33.0
2025-01-01T12:19:20,232,6570.0,10,24.4,15.2,47.6,36.7
2025-01-01T12:19:25,233,6569.0,10,22.8,20.4,48.1,30.3
2025-01-01T12:19:30,234,6566.0,10,23.5,18.9,48.7,41.5
2025-01-01T12:19:35,235,6568.0,10,23.2,19.0,48.9,36.1
2025-01-01T12:19:40,236,6556.0,10,23.1,16.4,49.3,34.1
2025-01-01T12:19:45,237,6554.0,10,23.9,18.0,49.9,39.1
2025-01-01T12:19:50,238,6556.0,10,23.6,13.8,50.0,36.5
2025-01-01T12:19:55,239,6548.0,10,24.3,14.4,50.5,37.1
2025-01-01T12:20:00,240,6542.0,10,26.7,14.9,50.8,41.4
2025-01-01T12:20:05,241,6541.0,10,28.3,13.6,51.2,46.7
2025-01-01T12:20:10,242,6537.0,10,28.9,17.1,51.4,43.1
2025-01-01T12:20:15,243,6533.0,10,28.7,17.1,52.1,43.5
2025-01-01T12:20:20,244,6527.0,11,28.5,15.0,52.4,51.0
2025-01-01T12:20:25,245,6515.0,10,27.8,14.3,52.8,35.3
2025-01-01T12:20:30,246,6519.0,10,26.5,18.4,52.9,47.7
2025-01-01T12:20:35,247,6521.0,10,25.5,17.2,53.5,51.7
2025-01-01T12:20:40,248,6523.0,10,25.6,20.9,54.0,46.9
2025-01-01T12:20:45,249,6520.0,10,24.7,25.3,54.5,39.4
2025-01-01T12:20:50,250,6516.0,11,24.7,21.9,55.1,54.3
2025-01-01T12:20:55,251,6516.0,10,23.6,22.6,55.4,55.2
2025-01-01T12:21:00,252,6515.0,10,25.8,25.2,55.8,55.6
2025-01-01T12:21:05,253,6513.0,10,27.3,22.7,56.2,47.9
2025-01-01T12:21:10,254,6511.0,10,27.2,26.0,57.0,48.5
2025-01-01T12:21:15,255,6500.0,10,28.0,25.9,57.4,58.9
2025-01-01T12:21:20,256,6497.0,10,27.6,26.9,57.6,51.3
2025-01-01T12:21:25,257,6497.0,10,27.4,27.6,57.7,49.9
2025-01-01T12:21:30,258,6494.0,10,26.9,22.8,57.7,54.6
2025-01-01T12:21:35,259,6489.0,10,26.8,25.7,57.9,56.1
2025-01-01T12:21:40,260,6495.0,10,25.0,26.9,58.4,54.2
2025-01-01T12:21:45,261,6504.0,10,25.0,29.3,58.3,65.2
2025-01-01T12:21:50,262,6511.0,11,25.1,31.3,59.1,54.2
2025-01-01T12:21:55,263,6513.0,10,25.2,26.2,59.7,58.3
2025-01-01T12:22:00,264,6506.0,10,25.4,26.1,60.2,60.9
2025-01-01T12:22:05,265,6513.0,10,26.9,29.0,60.9,57.3
2025-01-01T12:22:10,266,6513.0,10,27.3,31.5,61.2,63.8
2025-01-01T12:22:15,267,6513.0,10,27.1,32.6,61.6,68.1
2025-01-01T12:22:20,268,6512.0,10,27.6,33.7,61.8,60.8
2025-01-01T12:22:25,269,6514.0,10,28.8,36.9,62.2,59.5
2025-01-01T12:22:30,270,6507.0,10,27.7,35.3,62.3,65.2
2025-01-01T12:22:35,271,6499.0,10,28.3,35.5,62.7,62.8
2025-01-01T12:22:40,272,6496.0,10,28.7,38.4,63.4,66.9
2025-01-01T12:22:45,273,6502.0,10,29.6,35.8,63.9,64.5
2025-01-01T12:22:50,274,6492.0,10,28.8,35.6,64.1,68.7
2025-01-01T12:22:55,275,6497.0,10,28.0,35.4,64.6,68.4
2025-01-01T12:23:00,276,6502.0,10,29.0,41.0,65.1,68.4
2025-01-01T12:23:05,277,6507.0,10,27.6,40.2,65.8,68.8
2025-01-01T12:23:10,278,6500.0,10,26.4,41.7,65.9,68.4
2025-01-01T12:23:15,279,6500.0,10,26.5,39.8,66.1,67.7
2025-01-01T12:23:20,280,6502.0,10,26.6,40.8,66.4,70.0
2025-01-01T12:23:25,281,6503.0,10,27.1,39.0,67.1,67.6
2025-01-01T12:23:30,282,6510.0,10,25.0,39.0,67.6,66.9
2025-01-01T12:23:35,283,6511.0,10,24.7,38.4,68.0,72.5
2025-01-01T12:23:40,284,6508.0,11,24.9,40.3,68.3,79.7
2025-01-01T12:23:45,285,6509.0,10,24.3,38.9,68.7,77.3
2025-01-01T12:23:50,286,6504.0,10,24.3,42.9,69.4,76.2
2025-01-01T12:23:55,287,6501.0,10,23.3,45.8,69.6,75.4
2025-01-01T12:24:00,288,6498.0,10,23.5,41.6,69.6,75.0
2025-01-01T12:24:05,289,6498.0,10,22.4,44.5,70.3,67.3
2025-01-01T12:24:10,290,6499.0,10,20.2,41.2,70.7,77.4
2025-01-01T12:24:15,291,6498.0,10,18.8,40.1,71.2,78.1
2025-01-01T12:24:20,292,6509.0,11,18.5,36.5,71.4,70.5
2025-01-01T12:24:25,293,6512.0,10,20.2,43.8,71.6,72.0
2025-01-01T12:24:30,294,6511.0,10,19.1,38.5,71.9,84.8
2025-01-01T12:24:35,295,6515.0,10,18.7,38.8,72.5,81.4
2025-01-01T12:24:40,296,6521.0,10,18.2,37.8,72.9,75.0
2025-01-01T12:24:45,297,6514.0,10,17.2,37.1,73.2,75.2
2025-01-01T12:24:50,298,6510.0,10,15.8,37.2,73.8,77.6
2025-01-01T12:24:55,299,6503.0,10,14.2,40.4,74.2,78.0
2025-01-01T12:25:00,300,6504.0,10,13.5,42.2,74.9,76.6
2025-01-01T12:25:05,301,6491.0,10,12.4,42.7,9.6,74.3
2025-01-01T12:25:10,302,6491.0,10,11.3,39.9,10.0,75.9
2025-01-01T12:25:15,303,6484.0,10,10.4,40.4,10.4,75.7
2025-01-01T12:25:20,304,6490.0,10,10.4,40.7,10.9,80.6
2025-01-01T12:25:25,305,6483.0,10,9.4,43.1,11.4,78.8
2025-01-01T12:25:30,306,6480.0,10,8.1,38.9,11.5,76.3
2025-01-01T12:25:35,307,6480.0,10,8.4,39.5,11.9,78.2
2025-01-01T12:25:40,308,6481.0,10,8.9,38.6,12.5,72.4
2025-01-01T12:25:45,309,6476.0,10,8.6,38.8,12.9,83.2
2025-01-01T12:25:50,310,6471.0,10,6.9,41.1,13.7,88.8
2025-01-01T12:25:55,311,6467.0,10,6.3,41.8,14.3,78.6
2025-01-01T12:26:00,312,6462.0,10,7.2,45.1,15.1,76.7
2025-01-01T12:26:05,313,6449.0,10,6.9,44.2,15.4,84.0
2025-01-01T12:26:10,314,6449.0,10,5.9,44.2,16.4,80.1
2025-01-01T12:26:15,315,6443.0,10,5.0,46.9,16.7,74.5
2025-01-01T12:26:20,316,6438.0,10,5.0,46.3,16.9,82.0
2025-01-01T12:26:25,317,6439.0,10,5.0,45.1,17.4,83.4
2025-01-01T12:26:30,318,6443.0,10,5.3,44.8,17.8,76.0
2025-01-01T12:26:35,319,6437.0,10,5.0,45.7,18.3,77.3
2025-01-01T12:26:40,320,6441.0,10,5.0,43.7,18.7,77.5
2025-01-01T12:26:45,321,6445.0,10,5.0,45.0,19.1,75.7
2025-01-01T12:26:50,322,6443.0,10,5.0,44.5,19.7,77.2
2025-01-01T12:26:55,323,6432.0,10,5.0,42.0,20.4,80.5
2025-01-01T12:27:00,324,6429.0,10,5.0,46.5,20.9,74.9
2025-01-01T12:27:05,325,6435.0,10,5.0,43.2,21.3,77.3
2025-01-01T12:27:10,326,6429.0,10,5.0,44.4,21.5,82.6
2025-01-01T12:27:15,327,6420.0,10,5.0,44.6,22.0,72.4
2025-01-01T12:27:20,328,6414.0,10,5.0,45.8,22.3,74.3
2025-01-01T12:27:25,329,6413.0,10,5.0,47.1,22.7,88.9
2025-01-01T12:27:30,330,6411.0,10,5.0,44.8,23.4,70.9
2025-01-01T12:27:35,331,6415.0,11,5.0,42.1,24.1,78.1
2025-01-01T12:27:40,332,6415.0,10,5.0,43.4,24.4,71.7
2025-01-01T12:27:45,333,6420.0,10,5.0,42.3,24.7,71.5
2025-01-01T12:27:50,334,6426.0,10,5.0,44.3,25.1,72.7
2025-01-01T12:27:55,335,6431.0,10,5.0,42.3,25.7,78.1
2025-01-01T12:28:00,336,6429.0,10,5.0,43.6,26.3,69.9
2025-01-01T12:28:05,337,6432.0,10,5.0,40.0,27.2,71.6
2025-01-01T12:28:10,338,6438.0,10,5.0,37.9,27.8,65.4
2025-01-01T12:28:15,339,6443.0,10,5.0,39.0,28.4,79.8
2025-01-01T12:28:20,340,6440.0,10,5.0,36.6,28.9,74.1
2025-01-01T12:28:25,341,6435.0,10,5.0,37.6,29.1,70.5
2025-01-01T12:28:30,342,6427.0,10,5.0,37.1,29.3,69.9
2025-01-01T12:28:35,343,6430.0,10,5.0,36.2,29.7,71.3
2025-01-01T12:28:40,344,6437.0,10,5.0,38.4,30.3,67.9
2025-01-01T12:28:45,345,6440.0,10,5.0,32.3,30.6,61.0
2025-01-01T12:28:50,346,6428.0,10,5.0,34.9,31.0,74.5
2025-01-01T12:28:55,347,6428.0,10,5.0,36.0,31.6,64.4
2025-01-01T12:29:00,348,6433.0,10,5.0,35.3,32.3,70.1
2025-01-01T12:29:05,349,6424.0,10,5.0,33.4,32.7,69.8
2025-01-01T12:29:10,350,6424.0,10,5.0,32.9,32.9,69.3
2025-01-01T12:29:15,351,6431.0,10,5.6,33.7,33.3,68.2
2025-01-01T12:29:20,352,6429.0,10,5.4,34.1,34.0,74.5
2025-01-01T12:29:25,353,6430.0,10,5.6,34.5,34.5,65.3
2025-01-01T12:29:30,354,6435.0,10,5.0,38.1,35.2,65.3
2025-01-01T12:29:35,355,6424.0,10,6.7,37.8,35.9,71.7
2025-01-01T12:29:40,356,6415.0,10,7.1,37.0,36.2,66.4
2025-01-01T12:29:45,357,6418.0,10,6.4,36.1,36.5,62.3
2025-01-01T12:29:50,358,6417.0,10,5.7,35.4,36.9,65.0
2025-01-01T12:29:55,359,6412.0,10,5.9,35.7,37.0,62.9
2025-01-01T12:30:00,360,6413.0,10,5.4,37.4,37.3,61.5
2025-01-01T12:30:05,361,6414.0,10,5.0,35.5,37.6,63.4
2025-01-01T12:30:10,362,6421.0,10,5.2,35.4,37.8,62.7
2025-01-01T12:30:15,363,6426.0,10,5.5,35.5,38.5,70.4
2025-01-01T12:30:20,364,6433.0,10,5.0,34.6,38.8,62.5
2025-01-01T12:30:25,365,6427.0,10,5.0,35.4,39.0,56.1
2025-01-01T12:30:30,366,6428.0,10,5.0,35.4,39.7,56.0
2025-01-01T12:30:35,367,6433.0,10,5.1,35.0,40.2,61.6
2025-01-01T12:30:40,368,6431.0,10,5.9,39.9,40.9,53.5
2025-01-01T12:30:45,369,6434.0,10,7.0,40.2,41.3,59.0
2025-01-01T12:30:50,370,6436.0,10,6.1,39.1,41.3,57.6
2025-01-01T12:30:55,371,6439.0,10,6.7,35.5,41.7,51.1
2025-01-01T12:31:00,372,6431.0,10,5.6,34.1,41.8,48.6
2025-01-01T12:31:05,373,6433.0,10,5.0,35.0,42.2,51.4
2025-01-01T12:31:10,374,6431.0,10,5.7,33.6,42.8,56.7
2025-01-01T12:31:15,375,6429.0,10,6.7,32.6,43.5,60.8
2025-01-01T12:31:20,376,6431.0,10,6.8,26.3,43.8,51.5
2025-01-01T12:31:25,377,6431.0,10,5.7,27.8,44.2,56.5
2025-01-01T12:31:30,378,6437.0,10,5.0,29.2,44.5,53.6
2025-01-01T12:31:35,379,6430.0,10,5.0,27.4,45.1,50.3
2025-01-01T12:31:40,380,6434.0,10,5.0,26.2,45.4,45.7
2025-01-01T12:31:45,381,6440.0,10,5.0,25.7,45.5,44.3
2025-01-01T12:31:50,382,6437.0,10,5.0,31.6,45.9,51.4
2025-01-01T12:31:55,383,6439.0,10,6.1,29.4,46.0,46.1
2025-01-01T12:32:00,384,6441.0,10,5.8,30.1,46.4,50.6
2025-01-01T12:32:05,385,6438.0,10,5.8,27.8,46.9,40.5
2025-01-01T12:32:10,386,6439.0,10,6.3,26.8,47.2,42.1
2025-01-01T12:32:15,387,6434.0,10,5.0,25.6,47.4,49.7
2025-01-01T12:32:20,388,6440.0,10,5.0,27.1,47.9,36.3
2025-01-01T12:32:25,389,6443.0,10,7.0,30.6,48.3,44.2
2025-01-01T12:32:30,390,6449.0,10,6.9,26.6,48.7,42.4
2025-01-01T12:32:35,391,6447.0,10,6.2,24.0,48.9,36.5
2025-01-01T12:32:40,392,6453.0,10,7.1,23.5,49.3,39.2
2025-01-01T12:32:45,393,6447.0,10,8.3,19.0,49.7,45.4
2025-01-01T12:32:50,394,6447.0,10,8.1,20.4,50.1,34.7
2025-01-01T12:32:55,395,6457.0,10,6.9,19.2,50.5,44.5
2025-01-01T12:33:00,396,6456.0,10,7.1,20.1,50.8,38.0
2025-01-01T12:33:05,397,6449.0,10,6.5,22.1,51.6,35.9
2025-01-01T12:33:10,398,6448.0,10,7.0,23.7,52.3,34.7
2025-01-01T12:33:15,399,6453.0,10,5.0,22.8,52.6,30.3
2025-01-01T12:33:20,400,6453.0,10,5.0,24.1,52.6,35.4
2025-01-01T12:33:25,401,6453.0,10,5.1,23.9,53.2,32.2
2025-01-01T12:33:30,402,6451.0,10,5.0,22.6,53.7,33.4
2025-01-01T12:33:35,403,6452.0,10,6.6,20.5,54.2,32.6
2025-01-01T12:33:40,404,6461.0,10,6.0,21.4,54.4,27.3
2025-01-01T12:33:45,405,6457.0,10,5.6,22.5,54.8,38.6
2025-01-01T12:33:50,406,6453.0,10,6.2,21.7,55.4,34.4
2025-01-01T12:33:55,407,6464.0,10,6.3,19.6,56.0,28.5
2025-01-01T12:34:00,408,6464.0,10,6.2,18.0,56.5,26.8
2025-01-01T12:34:05,409,6459.0,10,6.9,18.2,56.8,30.2
2025-01-01T12:34:10,410,6461.0,10,6.4,18.8,57.4,34.9
2025-01-01T12:34:15,411,6456.0,10,6.2,19.7,57.9,25.5
2025-01-01T12:34:20,412,6457.0,10,6.6,18.4,57.5,31.9
2025-01-01T12:34:25,413,6459.0,10,6.8,20.9,57.9,25.7
2025-01-01T12:34:30,414,6466.0,10,7.7,17.8,58.0,27.1
2025-01-01T12:34:35,415,6466.0,10,9.0,14.1,58.4,22.7
2025-01-01T12:34:40,416,6472.0,10,9.7,19.6,58.7,29.7
2025-01-01T12:34:45,417,6471.0,10,9.7,20.4,59.1,25.1
2025-01-01T12:34:50,418,6474.0,10,10.2,14.1,59.3,22.5
2025-01-01T12:34:55,419,6483.0,10,11.5,10.5,59.3,25.2
2025-01-01T12:35:00,420,6482.0,10,11.9,12.1,59.8,26.3
2025-01-01T12:35:05,421,6479.0,10,13.1,12.4,60.1,21.8
2025-01-01T12:35:10,422,6487.0,10,12.8,12.1,60.8,20.8
2025-01-01T12:35:15,423,6490.0,10,14.9,11.6,61.2,26.4
2025-01-01T12:35:20,424,6497.0,10,13.2,12.0,61.4,25.1
2025-01-01T12:35:25,425,6492.0,10,13.5,12.6,61.8,24.4
2025-01-01T12:35:30,426,6495.0,10,13.6,12.9,62.2,18.8
2025-01-01T12:35:35,427,6497.0,10,15.3,14.6,62.6,16.6
2025-01-01T12:35:40,428,6495.0,10,16.1,15.9,62.7,25.0
2025-01-01T12:35:45,429,6498.0,10,15.3,13.9,63.6,23.0
2025-01-01T12:35:50,430,6495.0,10,15.6,11.3,63.9,20.3
2025-01-01T12:35:55,431,6498.0,10,16.5,11.9,64.7,30.1
2025-01-01T12:36:00,432,6503.0,10,16.4,14.0,64.8,22.8
2025-01-01T12:36:05,433,6508.0,10,16.7,14.7,65.1,25.4
2025-01-01T12:36:10,434,6513.0,10,16.8,11.8,65.5,17.5
2025-01-01T12:36:15,435,6512.0,10,16.1,10.2,66.1,22.1
2025-01-01T12:36:20,436,6519.0,10,15.5,15.9,66.6,23.4
2025-01-01T12:36:25,437,6523.0,10,15.6,15.6,66.7,19.9
2025-01-01T12:36:30,438,6519.0,10,14.2,14.6,67.0,25.3
2025-01-01T12:36:35,439,6526.0,10,14.9,11.4,67.2,23.0
2025-01-01T12:36:40,440,6526.0,10,15.3,11.6,67.4,11.4
2025-01-01T12:36:45,441,6532.0,10,16.8,17.1,67.7,25.4
2025-01-01T12:36:50,442,6545.0,10,15.8,18.0,67.8,7.4
2025-01-01T12:36:55,443,6552.0,10,15.3,17.6,68.3,23.7
2025-01-01T12:37:00,444,6555.0,10,14.5,13.4,68.7,21.4
2025-01-01T12:37:05,445,6559.0,10,15.5,6.5,69.0,20.7
2025-01-01T12:37:10,446,6559.0,10,14.9,10.5,69.5,18.1
2025-01-01T12:37:15,447,6557.0,10,14.8,10.7,69.9,23.9
2025-01-01T12:37:20,448,6555.0,10,15.0,6.9,70.3,20.4
2025-01-01T12:37:25,449,6566.0,10,16.4,8.5,70.9,14.6
2025-01-01T12:37:30,450,6571.0,10,15.4,8.0,71.4,22.4
2025-01-01T12:37:35,451,6572.0,10,16.5,5.2,71.6,20.8
2025-01-01T12:37:40,452,6574.0,10,17.5,7.5,71.6,19.2
2025-01-01T12:37:45,453,6572.0,10,15.8,7.3,72.2,23.2
2025-01-01T12:37:50,454,6578.0,10,16.0,7.5,72.6,16.2
2025-01-01T12:37:55,455,6574.0,10,15.8,7.0,73.1,25.8
2025-01-01T12:38:00,456,6574.0,10,16.4,10.2,73.7,21.6
2025-01-01T12:38:05,457,6566.0,10,16.3,8.9,74.1,21.3
2025-01-01T12:38:10,458,6576.0,10,16.3,8.5,74.5,28.0
2025-01-01T12:38:15,459,6561.0,10,15.6,8.1,8.7,29.0
2025-01-01T12:38:20,460,6558.0,10,15.9,9.2,8.8,17.0
2025-01-01T12:38:25,461,6553.0,10,15.5,8.7,9.2,28.2
2025-01-01T12:38:30,462,6555.0,10,16.8,9.4,9.8,18.3
2025-01-01T12:38:35,463,6556.0,10,15.5,12.4,9.9,16.4
2025-01-01T12:38:40,464,6555.0,10,15.6,15.0,10.2,19.6
2025-01-01T12:38:45,465,6563.0,10,16.8,14.5,10.6,20.7
2025-01-01T12:38:50,466,6566.0,10,16.8,10.9,11.2,22.9
2025-01-01T12:38:55,467,6566.0,10,18.3,10.5,11.6,27.9
2025-01-01T12:39:00,468,6567.0,10,19.4,8.0,11.9,28.6
2025-01-01T12:39:05,469,6578.0,10,18.7,10.2,12.5,31.0
2025-01-01T12:39:10,470,6580.0,10,18.8,6.5,12.8,31.8
2025-01-01T12:39:15,471,6578.0,10,19.6,9.0,12.8,26.9
2025-01-01T12:39:20,472,6583.0,10,18.7,11.3,13.1,35.0
2025-01-01T12:39:25,473,6590.0,10,18.3,12.7,13.5,29.8
2025-01-01T12:39:30,474,6592.0,10,17.7,12.7,14.1,33.2
2025-01-01T12:39:35,475,6591.0,10,17.9,15.9,14.6,34.5
2025-01-01T12:39:40,476,6597.0,10,17.2,14.9,15.1,29.3
2025-01-01T12:39:45,477,6610.0,10,17.9,15.7,15.5,38.5
2025-01-01T12:39:50,478,6616.0,10,19.4,13.6,15.8,24.2
2025-01-01T12:39:55,479,6620.0,10,20.7,15.4,16.4,31.3
2025-01-01T12:40:00,480,6636.0,10,20.6,16.2,16.9,37.2
2025-01-01T12:40:05,481,6632.0,10,19.6,14.6,17.6,38.4
2025-01-01T12:40:10,482,6629.0,10,19.8,15.4,17.9,38.6
2025-01-01T12:40:15,483,6629.0,10,20.9,14.5,18.6,30.8
2025-01-01T12:40:20,484,6627.0,10,21.2,16.0,19.0,34.5
2025-01-01T12:40:25,485,6631.0,10,20.6,16.9,19.6,36.8
2025-01-01T12:40:30,486,6634.0,10,20.7,21.1,20.3,36.4
2025-01-01T12:40:35,487,6638.0,10,20.6,18.0,20.9,40.0
2025-01-01T12:40:40,488,6640.0,10,20.8,16.8,21.3,39.0
2025-01-01T12:40:45,489,6640.0,10,20.5,17.4,21.7,36.7
2025-01-01T12:40:50,490,6642.0,10,21.2,16.9,21.8,38.6
2025-01-01T12:40:55,491,6645.0,10,22.4,13.7,22.2,39.0
2025-01-01T12:41:00,492,6649.0,10,22.1,16.4,22.5,36.6
2025-01-01T12:41:05,493,6649.0,10,21.4,14.9,22.9,46.3
2025-01-01T12:41:10,494,6654.0,10,20.0,15.0,23.4,44.3
2025-01-01T12:41:15,495,6655.0,10,20.2,18.3,23.7,47.0
2025-01-01T12:41:20,496,6656.0,10,19.4,14.2,24.0,39.8
2025-01-01T12:41:25,497,6660.0,10,19.0,15.2,24.2,44.1
2025-01-01T12:41:30,498,6667.0,10,19.0,18.9,24.5,42.2
2025-01-01T12:41:35,499,6669.0,12,19.5,22.6,25.0,40.8
2025-01-01T12:41:40,500,6672.0,10,19.8,22.4,25.0,53.7
2025-01-01T12:41:45,501,6673.0,10,20.5,24.0,25.4,45.3
2025-01-01T12:41:50,502,6675.0,10,21.2,26.3,25.7,49.5
2025-01-01T12:41:55,503,6669.0,10,21.0,27.2,26.2,56.0
2025-01-01T12:42:00,504,6671.0,10,21.2,22.9,26.6,49.0
2025-01-01T12:42:05,505,6674.0,10,19.5,27.4,26.9,55.4
2025-01-01T12:42:10,506,6679.0,10,20.5,28.7,27.3,53.2
2025-01-01T12:42:15,507,6669.0,10,21.1,26.5,27.7,61.8
2025-01-01T12:42:20,508,6672.0,10,20.2,29.2,28.2,58.7
2025-01-01T12:42:25,509,6667.0,10,20.3,26.0,29.0,54.2
2025-01-01T12:42:30,510,6661.0,10,20.1,28.5,29.1,56.0
2025-01-01T12:42:35,511,6662.0,10,19.5,30.5,29.1,59.7
2025-01-01T12:42:40,512,6660.0,10,19.0,36.7,29.4,53.8
2025-01-01T12:42:45,513,6659.0,10,20.2,34.4,30.0,51.4
2025-01-01T12:42:50,514,6652.0,10,19.7,31.9,30.3,56.4
2025-01-01T12:42:55,515,6646.0,10,19.7,28.5,30.6,51.0
2025-01-01T12:43:00,516,6651.0,10,19.1,28.7,31.0,60.5
2025-01-01T12:43:05,517,6651.0,10,19.1,28.5,31.6,54.6
2025-01-01T12:43:10,518,6651.0,10,19.7,28.1,32.1,58.9
2025-01-01T12:43:15,519,6652.0,10,19.4,29.3,32.8,60.9
2025-01-01T12:43:20,520,6656.0,10,20.9,29.2,33.2,57.5
2025-01-01T12:43:25,521,6656.0,10,20.3,35.7,33.5,61.5
2025-01-01T12:43:30,522,6651.0,10,18.5,34.8,34.1,69.5
2025-01-01T12:43:35,523,6655.0,10,18.2,31.4,34.6,59.2
2025-01-01T12:43:40,524,6652.0,10,18.6,32.5,34.8,70.7
2025-01-01T12:43:45,525,6654.0,10,18.3,30.9,35.1,65.2
2025-01-01T12:43:50,526,6650.0,10,18.9,36.2,35.3,69.4
2025-01-01T12:43:55,527,6644.0,10,18.2,37.2,35.7,65.5
2025-01-01T12:44:00,528,6642.0,10,18.2,35.0,36.1,67.6
2025-01-01T12:44:05,529,6649.0,10,17.2,36.2,36.9,70.5
2025-01-01T12:44:10,530,6648.0,10,17.8,32.0,37.1,69.3
2025-01-01T12:44:15,531,6656.0,10,16.7,38.0,37.3,66.3
2025-01-01T12:44:20,532,6658.0,10,17.7,34.9,37.6,66.2
2025-01-01T12:44:25,533,6664.0,10,17.6,36.7,38.3,75.1
2025-01-01T12:44:30,534,6660.0,10,16.0,37.9,38.6,73.6
2025-01-01T12:44:35,535,6656.0,10,14.8,38.4,39.3,61.2
2025-01-01T12:44:40,536,6656.0,10,14.8,38.4,39.8,73.1
2025-01-01T12:44:45,537,6649.0,10,15.3,35.7,40.1,75.8
2025-01-01T12:44:50,538,6651.0,10,14.4,34.9,40.3,71.9
2025-01-01T12:44:55,539,6644.0,10,13.6,36.9,40.9,72.8
2025-01-01T12:45:00,540,6632.0,10,13.8,33.5,41.5,77.7
2025-01-01T12:45:05,541,6624.0,10,14.3,37.4,42.2,71.7
2025-01-01T12:45:10,542,6612.0,10,14.0,36.3,42.6,82.0
2025-01-01T12:45:15,543,6608.0,10,15.1,36.1,43.1,73.1
2025-01-01T12:45:20,544,6610.0,10,15.2,38.1,43.6,72.0
2025-01-01T12:45:25,545,6610.0,10,13.3,42.2,44.2,68.7
2025-01-01T12:45:30,546,6608.0,10,13.6,44.0,44.5,78.0
2025-01-01T12:45:35,547,6605.0,10,12.4,41.2,44.8,75.3
2025-01-01T12:45:40,548,6604.0,10,12.1,39.2,45.1,82.2
2025-01-01T12:45:45,549,6608.0,10,11.0,39.1,45.5,80.3
2025-01-01T12:45:50,550,6614.0,10,11.5,37.7,45.8,74.7
2025-01-01T12:45:55,551,6614.0,10,12.0,40.8,46.2,71.4
2025-01-01T12:46:00,552,6619.0,10,11.8,40.5,46.4,78.7
2025-01-01T12:46:05,553,6620.0,10,10.9,34.9,46.5,75.7
2025-01-01T12:46:10,554,6612.0,10,9.9,37.5,46.6,85.6
2025-01-01T12:46:15,555,6609.0,10,7.8,40.7,46.9,78.9
2025-01-01T12:46:20,556,6606.0,10,6.4,43.0,47.7,80.0
2025-01-01T12:46:25,557,6609.0,10,5.6,42.4,48.0,81.5
2025-01-01T12:46:30,558,6607.0,10,5.3,40.0,49.0,77.4
2025-01-01T12:46:35,559,6604.0,10,5.0,43.9,49.3,75.0
2025-01-01T12:46:40,560,6599.0,10,5.0,41.6,49.5,76.6
2025-01-01T12:46:45,561,6601.0,10,5.0,43.9,49.7,79.4
2025-01-01T12:46:50,562,6600.0,10,5.0,46.7,50.1,81.7
2025-01-01T12:46:55,563,6600.0,10,6.4,45.9,50.5,78.0
2025-01-01T12:47:00,564,6598.0,10,6.0,44.7,51.1,82.3
2025-01-01T12:47:05,565,6593.0,10,5.2,43.3,51.5,79.2
2025-01-01T12:47:10,566,6577.0,10,5.0,46.6,51.8,77.0
2025-01-01T12:47:15,567,6578.0,10,5.0,46.9,52.4,83.9
2025-01-01T12:47:20,568,6575.0,10,5.0,44.9,52.7,77.7
2025-01-01T12:47:25,569,6572.0,10,5.0,44.3,53.2,78.3
2025-01-01T12:47:30,570,6570.0,10,5.0,45.9,53.6,80.9
2025-01-01T12:47:35,571,6571.0,10,5.0,43.8,53.7,79.7
2025-01-01T12:47:40,572,6573.0,10,5.0,42.6,54.3,73.9
2025-01-01T12:47:45,573,6575.0,10,5.0,40.7,54.7,72.8
2025-01-01T12:47:50,574,6573.0,10,5.0,40.0,55.2,80.6
2025-01-01T12:47:55,575,6567.0,10,5.0,40.4,55.5,80.6
2025-01-01T12:48:00,576,6570.0,10,5.0,40.7,56.1,73.9
2025-01-01T12:48:05,577,6571.0,10,5.0,39.6,56.4,75.4
2025-01-01T12:48:10,578,6568.0,10,5.0,38.0,56.8,74.1
2025-01-01T12:48:15,579,6570.0,10,5.0,41.7,57.1,72.0
2025-01-01T12:48:20,580,6577.0,10,5.0,41.0,57.3,80.4
2025-01-01T12:48:25,581,6579.0,10,5.0,41.8,57.9,86.5
2025-01-01T12:48:30,582,6571.0,10,5.0,42.2,57.9,78.6
2025-01-01T12:48:35,583,6573.0,10,5.0,37.8,58.4,76.3
2025-01-01T12:48:40,584,6573.0,10,5.0,38.9,59.1,82.4
2025-01-01T12:48:45,585,6574.0,10,5.0,41.9,59.6,78.9
2025-01-01T12:48:50,586,6577.0,10,5.0,41.5,59.7,72.5
2025-01-01T12:48:55,587,6574.0,10,5.0,44.2,59.8,77.5
2025-01-01T12:49:00,588,6577.0,10,5.0,45.9,60.2,73.7
2025-01-01T12:49:05,589,6570.0,10,5.0,49.1,61.0,76.4
2025-01-01T12:49:10,590,6565.0,10,5.0,49.9,61.4,71.7
2025-01-01T12:49:15,591,6572.0,10,5.0,46.5,61.9,75.2
2025-01-01T12:49:20,592,6574.0,10,5.0,45.6,62.5,73.4
2025-01-01T12:49:25,593,6569.0,10,5.3,46.6,62.9,70.6
2025-01-01T12:49:30,594,6566.0,10,5.0,46.4,63.6,73.2
2025-01-01T12:49:35,595,6564.0,10,5.0,44.0,64.0,72.2
2025-01-01T12:49:40,596,6564.0,10,5.3,46.7,64.3,70.1
2025-01-01T12:49:45,597,6573.0,10,5.0,47.0,64.5,66.2
2025-01-01T12:49:50,598,6571.0,10,5.0,38.8,65.1,65.8
2025-01-01T12:49:55,599,6570.0,10,5.0,39.9,65.3,69.5
2025-01-01T12:50:00,600,6571.0,10,5.0,42.9,65.4,67.2
2025-01-01T12:50:05,601,6563.0,10,5.0,40.4,65.7,74.0
2025-01-01T12:50:10,602,6566.0,10,5.0,37.6,66.2,69.3
2025-01-01T12:50:15,603,6565.0,10,5.0,37.6,66.5,65.2
2025-01-01T12:50:20,604,6566.0,10,5.0,36.0,67.2,70.0
2025-01-01T12:50:25,605,6567.0,10,5.0,29.7,67.7,64.2
2025-01-01T12:50:30,606,6569.0,10,5.0,30.6,67.9,62.6
2025-01-01T12:50:35,607,6572.0,10,5.0,31.4,68.2,61.1
2025-01-01T12:50:40,608,6566.0,10,5.0,33.7,68.9,63.3
2025-01-01T12:50:45,609,6565.0,10,5.6,36.8,69.2,61.3
2025-01-01T12:50:50,610,6567.0,10,5.1,35.1,69.5,54.9
2025-01-01T12:50:55,611,6567.0,10,5.0,33.1,69.9,59.2
2025-01-01T12:51:00,612,6570.0,10,5.3,32.9,70.2,65.4
2025-01-01T12:51:05,613,6569.0,10,5.0,29.0,70.5,58.3
2025-01-01T12:51:10,614,6578.0,10,5.0,33.3,71.0,54.7
2025-01-01T12:51:15,615,6578.0,10,5.0,31.9,71.2,63.0
2025-01-01T12:51:20,616,6576.0,10,5.0,29.8,71.5,61.4
2025-01-01T12:51:25,617,6563.0,10,5.0,31.9,71.7,56.9
2025-01-01T12:51:30,618,6566.0,10,5.0,30.4,71.6,59.3
2025-01-01T12:51:35,619,6565.0,10,5.0,28.4,71.8,61.8
2025-01-01T12:51:40,620,6565.0,10,5.0,26.8,72.0,59.6
2025-01-01T12:51:45,621,6575.0,10,5.0,30.4,72.3,55.5
2025-01-01T12:51:50,622,6580.0,10,5.0,30.4,72.5,50.2
2025-01-01T12:51:55,623,6577.0,10,5.6,28.9,72.8,54.2
2025-01-01T12:52:00,624,6580.0,10,6.4,30.2,73.3,55.7
2025-01-01T12:52:05,625,6583.0,10,7.7,30.3,73.7,46.8
2025-01-01T12:52:10,626,6585.0,10,6.9,28.6,74.1,54.8
2025-01-01T12:52:15,627,6585.0,10,6.9,27.0,74.6,51.1
2025-01-01T12:52:20,628,6591.0,10,7.7,29.2,74.9,47.4
2025-01-01T12:52:25,629,6582.0,10,7.0,30.1,3.9,49.4
2025-01-01T12:52:30,630,6581.0,10,7.8,29.0,3.9,46.2
2025-01-01T12:52:35,631,6583.0,10,6.6,32.8,4.5,48.0
2025-01-01T12:52:40,632,6588.0,10,5.4,30.6,4.9,36.0
2025-01-01T12:52:45,633,6586.0,10,5.0,30.5,5.3,55.6
2025-01-01T12:52:50,634,6589.0,10,5.9,28.4,5.9,47.6
2025-01-01T12:52:55,635,6584.0,10,6.2,29.9,6.3,50.2
2025-01-01T12:53:00,636,6578.0,10,6.4,29.5,6.8,43.1
2025-01-01T12:53:05,637,6576.0,10,5.7,26.1,6.9,42.5
2025-01-01T12:53:10,638,6578.0,10,5.8,27.0,6.9,49.8
2025-01-01T12:53:15,639,6580.0,10,6.6,27.6,7.2,40.7
2025-01-01T12:53:20,640,6591.0,10,5.9,28.8,7.9,42.3
2025-01-01T12:53:25,641,6596.0,10,6.4,27.0,8.4,39.2
2025-01-01T12:53:30,642,6590.0,10,6.5,24.4,8.8,37.4
2025-01-01T12:53:35,643,6590.0,10,5.7,22.4,9.2,38.2
2025-01-01T12:53:40,644,6591.0,10,5.5,21.3,9.5,35.9
2025-01-01T12:53:45,645,6595.0,10,5.9,24.8,10.1,43.4
2025-01-01T12:53:50,646,6601.0,10,5.7,21.8,10.4,34.5
2025-01-01T12:53:55,647,6606.0,10,5.0,20.9,10.8,39.0
2025-01-01T12:54:00,648,6598.0,10,5.0,19.2,11.3,27.0
2025-01-01T12:54:05,649,6598.0,10,5.0,19.6,12.2,36.6
2025-01-01T12:54:10,650,6597.0,10,5.0,20.6,12.5,32.0
2025-01-01T12:54:15,651,6601.0,10,5.0,20.6,12.8,32.3
2025-01-01T12:54:20,652,6617.0,10,5.0,21.9,13.3,34.5
2025-01-01T12:54:25,653,6624.0,10,5.8,21.2,13.7,30.6
2025-01-01T12:54:30,654,6613.0,10,5.3,18.2,14.0,31.2
2025-01-01T12:54:35,655,6614.0,10,5.0,17.5,14.6,35.7
2025-01-01T12:54:40,656,6614.0,10,5.0,17.5,15.2,34.2
2025-01-01T12:54:45,657,6613.0,10,5.0,16.4,15.5,29.1
2025-01-01T12:54:50,658,6623.0,10,5.0,17.4,16.1,28.4
2025-01-01T12:54:55,659,6622.0,10,5.0,20.0,16.2,22.0
2025-01-01T12:55:00,660,6631.0,10,5.9,17.4,16.4,26.7
2025-01-01T12:55:05,661,6628.0,10,6.1,18.2,16.6,29.3
2025-01-01T12:55:10,662,6629.0,10,5.5,16.5,16.8,29.6
2025-01-01T12:55:15,663,6630.0,10,5.1,16.8,17.2,26.7
2025-01-01T12:55:20,664,6631.0,10,5.0,13.4,17.7,26.2
2025-01-01T12:55:25,665,6633.0,10,6.0,14.4,18.2,24.5
2025-01-01T12:55:30,666,6633.0,10,6.3,14.9,18.7,18.8
2025-01-01T12:55:35,667,6637.0,10,6.3,17.9,18.9,27.1
2025-01-01T12:55:40,668,6642.0,10,5.9,16.6,19.1,26.4
2025-01-01T12:55:45,669,6643.0,10,7.1,16.2,19.5,27.9
2025-01-01T12:55:50,670,6634.0,10,7.4,16.4,20.1,31.2
2025-01-01T12:55:55,671,6634.0,10,8.9,16.2,20.3,32.9
2025-01-01T12:56:00,672,6635.0,10,9.5,17.2,20.8,26.7
2025-01-01T12:56:05,673,6635.0,10,9.5,18.7,21.0,22.8
2025-01-01T12:56:10,674,6629.0,10,9.8,17.2,21.6,22.1
2025-01-01T12:56:15,675,6625.0,10,9.4,17.0,22.1,22.1
2025-01-01T12:56:20,676,6635.0,10,9.1,17.8,22.4,30.1
2025-01-01T12:56:25,677,6637.0,10,8.7,20.5,22.7,18.6
2025-01-01T12:56:30,678,6640.0,10,8.0,18.3,23.1,24.6
2025-01-01T12:56:35,679,6641.0,10,8.2,18.7,24.1,18.0
2025-01-01T12:56:40,680,6641.0,10,8.4,13.9,24.4,27.2
2025-01-01T12:56:45,681,6640.0,10,9.1,12.9,24.9,25.6
2025-01-01T12:56:50,682,6639.0,10,10.4,13.6,25.8,21.2
2025-01-01T12:56:55,683,6638.0,10,9.0,14.6,26.1,21.2
2025-01-01T12:57:00,684,6649.0,10,11.2,13.0,26.4,18.3
2025-01-01T12:57:05,685,6660.0,10,11.7,16.0,26.8,18.3
2025-01-01T12:57:10,686,6666.0,10,11.0,11.3,27.3,21.0
2025-01-01T12:57:15,687,6675.0,10,11.1,10.8,27.6,23.1
2025-01-01T12:57:20,688,6672.0,10,11.3,13.6,28.2,19.5
2025-01-01T12:57:25,689,6681.0,10,10.3,12.9,28.4,15.4
2025-01-01T12:57:30,690,6682.0,10,11.7,13.0,28.8,21.7
2025-01-01T12:57:35,691,6678.0,11,11.8,6.6,29.2,19.4
2025-01-01T12:57:40,692,6680.0,10,11.2,8.6,29.6,16.5
2025-01-01T12:57:45,693,6679.0,10,10.3,10.4,29.8,17.5
2025-01-01T12:57:50,694,6685.0,12,8.9,7.5,30.3,21.2
2025-01-01T12:57:55,695,6685.0,10,8.0,10.8,30.6,15.0
2025-01-01T12:58:00,696,6689.0,10,8.5,11.8,30.8,17.5
2025-01-01T12:58:05,697,6689.0,10,9.0,10.8,31.0,18.1
2025-01-01T12:58:10,698,6691.0,10,9.6,9.3,31.6,26.1
2025-01-01T12:58:15,699,6683.0,10,9.0,8.7,32.0,20.0
2025-01-01T12:58:20,700,6688.0,10,9.7,7.6,32.6,20.3
2025-01-01T12:58:25,701,6696.0,10,10.5,5.9,32.9,22.1
2025-01-01T12:58:30,702,6705.0,10,11.5,5.9,33.6,15.7
2025-01-01T12:58:35,703,6708.0,10,10.5,11.6,34.1,18.8
2025-01-01T12:58:40,704,6709.0,10,9.1,10.4,34.6,19.3
2025-01-01T12:58:45,705,6714.0,10,8.3,13.3,35.1,22.2
2025-01-01T12:58:50,706,6716.0,10,6.9,12.1,35.3,16.7
2025-01-01T12:58:55,707,6727.0,10,6.2,12.0,35.4,30.0
2025-01-01T12:59:00,708,6723.0,10,5.8,12.1,35.6,20.4
2025-01-01T12:59:05,709,6726.0,10,5.0,13.7,35.7,24.9
2025-01-01T12:59:10,710,6730.0,10,5.0,13.7,36.3,22.2
2025-01-01T12:59:15,711,6730.0,10,5.0,14.8,36.6,22.9
2025-01-01T12:59:20,712,6726.0,10,5.0,11.0,37.0,15.8
2025-01-01T12:59:25,713,6729.0,10,5.0,10.0,37.3,21.7
2025-01-01T12:59:30,714,6726.0,10,5.0,10.7,37.7,19.2
2025-01-01T12:59:35,715,6721.0,10,5.0,11.2,38.1,26.1
2025-01-01T12:59:40,716,6722.0,10,5.0,12.5,38.4,22.5
2025-01-01T12:59:45,717,6723.0,10,5.0,9.7,38.8,26.9
2025-01-01T12:59:50,718,6729.0,10,5.5,7.7,39.2,25.6
2025-01-01T12:59:55,719,6722.0,10,5.0,6.7,39.4,33.2
